SERIES,SYMBOL,SECURITY,RECORD_DT,BC_STRT_DT,BC_END_DT,EX_DT,ND_STRT_DT,ND_END_DT,PURPOSE
BE,VIPULLTD,Vipul Limited, ,23/09/2018,29/09/2018,19/09/2018, , ,AGM/DIVRE 0.05 PER SHARE 
BE,ORICONENT,Oricon Enterprises Ltd, ,20/09/2018,29/09/2018,18/09/2018, , ,AGM/DIVRE 0.50 PER SHARE 
BE,ZENTEC,Zen Technologies Limited, ,22/09/2018,29/09/2018,19/09/2018, , ,AGM/DIVRE 0.10 PER SHARE 
BE,VETO,Veto Switchgear Cable Ltd, ,27/09/2018,29/09/2018,25/09/2018, , ,AGM/DIV- RS 2 PER SHARE  
BE,SIGNET,Signet Industries Limited, ,23/09/2018,29/09/2018,19/09/2018, , ,AGM/DIVRE 0.05 PER SHARE 
BE,ELAND,E-Land Apparel Limited, ,23/09/2018,29/09/2018,19/09/2018, , ,ANNUAL GENERAL MEETING   
BE,A2ZINFRA,A2z Infra Engineering Ltd, ,22/09/2018,29/09/2018,19/09/2018, , ,ANNUAL GENERAL MEETING   
BE,PNCINFRA,PNC Infratech Ltd., ,23/09/2018,29/09/2018,19/09/2018, , ,AGM/DIV-RE 0.50 PER SH   
BE,GOODLUCK,Goodluck India Limited, ,23/09/2018,29/09/2018,19/09/2018, , ,ANNUAL GENERAL MEETING   
BE,CCHHL,Country Club Hosp Hol Ltd, ,22/09/2018,29/09/2018,19/09/2018, , ,ANNUAL GENERAL MEETING   
BE,MOLDTKPAC,Mold-Tek Packaging Ltd, ,23/09/2018,29/09/2018,19/09/2018, , ,AGM/DIV-RS 2 PER SH      
BE,NILAINFRA,Nila Infrastructures Ltd, ,22/09/2018,29/09/2018,19/09/2018, , ,AGM/DIV-RE 0.11 PER SH   
BE,LINCOLN,Lincoln Pharma Ltd, ,22/09/2018,29/09/2018,19/09/2018, , ,DIV-RS 1.50 PER SHARE    
BE,RAMASTEEL,Rama Steel Tubes Limited, ,27/09/2018,29/09/2018,25/09/2018, , ,ANNUAL GENERAL MEETING   
BE,ORTINLABSS,Ortin Laboratories Ltd, ,22/09/2018,29/09/2018,19/09/2018, , ,ANNUAL GENERAL MEETING   
BE,SOMICONVEY,Somi Conveyor Belt. Ltd., ,23/09/2018,29/09/2018,19/09/2018, , ,AGM/DIV-RE 0.50 PER SH   
BE,DUCON,Ducon Infratech Ltd, ,23/09/2018,29/09/2018,19/09/2018, , ,ANNUAL GENERAL MEETING   
BE,NAGAFERT,Nagarjun Fert and Che Ltd, ,22/09/2018,29/09/2018,19/09/2018, , ,ANNUAL GENERAL MEETING   
BE,MOLDTECH,Mold-Tek Technologies Ltd, ,23/09/2018,29/09/2018,19/09/2018, , ,AGM/DIV-RE 0.40 PER SH   
BE,INFIBEAM,Infibeam Avenues Limited, ,22/09/2018,29/09/2018,19/09/2018, , ,AGM/DIV-RE 0.10 PER SH   
BE,ERIS,Eris Lifesciences Limited, ,22/09/2018,29/09/2018,19/09/2018, , ,ANNUAL GENERAL MEETING   
BE,MASKINVEST,Mask Investments Limited, ,24/09/2018,29/09/2018,19/09/2018, , ,ANNUAL GENERAL MEETING   
BE,RNAVAL,Reliance Naval & Eng Ltd., ,26/09/2018,29/09/2018,24/09/2018, , ,ANNUAL GENERAL MEETING   
BE,SORILINFRA,SORIL Infra Res Ltd, ,24/09/2018,29/09/2018,19/09/2018, , ,ANNUAL GENERAL MEETING   
BE,ICICIGI,ICICI Lombard GIC Limited,30/10/2018, , ,29/10/2018, , ,INTERIM DIV              
BE,CAPTRUST,Capital Trust Limited, ,23/09/2018,29/09/2018,19/09/2018, , ,DIV-RE 0.50 PER SHARE    
BE,SIGIND,Signet Industries Limited, ,23/09/2018,29/09/2018,19/09/2018, , ,AGM/DIV RE 0.50 PER SH   
BE,ADROITINFO,Adroit Infotech Limited, ,22/09/2018,29/09/2018,19/09/2018, , ,ANNUAL GENERAL MEETING   
BE,IBULISL,Indiabulls Integr Ser Ltd, ,24/09/2018,29/09/2018,19/09/2018, , ,ANNUAL GENERAL MEETING   
BE,PAISALO,Paisalo Digital Limited, ,23/09/2018,29/09/2018,19/09/2018, , ,AGM/DIV-RE 1 PER SHARE   
BE,SHLAKSHMI,Shri Lakshmi Cotsyn Limit, ,23/09/2018,29/09/2018,19/09/2018, , ,ANNUAL GENERAL MEETING   
BE,KOLTEPATIL,Kolte - Patil Developers, ,22/09/2018,29/09/2018,19/09/2018, , ,DIV-RS 2.00 PER SHARE    
BE,CELESTIAL,Celestial Biolabs Limited, ,27/09/2018,29/09/2018,25/09/2018, , ,ANNUAL GENERAL MEETING   
BE,MVL,MVL Limited, ,22/09/2018,29/09/2018,19/09/2018, , ,ANNUAL GENERAL MEETING   
BE,KSK,KSK Energy Ventures Limit, ,22/09/2018,29/09/2018,19/09/2018, , ,ANNUAL GENERAL MEETING   
BE,TANTIACONS,Tantia Constructions Limi, ,22/09/2018,29/09/2018,19/09/2018, , ,ANNUAL GENERAL MEETING   
BE,AUSTRAL,Austral Coke & Projects L, ,23/09/2018,29/09/2018,19/09/2018, , ,ANNUAL GENERAL MEETING   
BE,SOTL,Savita Oil Technologies L, ,22/09/2018,29/09/2018,19/09/2018, , ,AGM/DIV-RS 2.50 PER SH   
BE,BEARDSELL,Beardsell Limited, ,22/09/2018,29/09/2018,19/09/2018, , ,ANNUAL GENERAL MEETING   
BE,KWALITY,Kwality Limited, ,24/09/2018,29/09/2018,19/09/2018, , ,AGM/DIV-RE 0.10 PER SH   
BE,JIKIND,JIK Industries Limited, ,22/09/2018,29/09/2018,19/09/2018, , ,ANNUAL GENERAL MEETING   
BE,JINDCOT,Jindal Cotex Ltd, ,27/09/2018,29/09/2018,25/09/2018, , ,ANNUAL GENERAL MEETING   
BE,MBLINFRA,MBL Infrastructures Ltd, ,21/09/2018,29/09/2018,18/09/2018, , ,ANNUAL GENERAL MEETING   
BE,TWL,Titagarh Wagons Limited, ,22/09/2018,29/09/2018,19/09/2018, , ,AGM/DIV-RE 0.30 PER SHARE
BE,DBREALTY,D B Realty Limited, ,21/09/2018,29/09/2018,18/09/2018, , ,ANNUAL GENERAL MEETING   
BE,GOKUL,Gokul Refoils and Solvent, ,24/09/2018,29/09/2018,19/09/2018, , ,ANNUAL GENERAL MEETING   
BE,IOLCP,IOL Chem and Pharma Ltd, ,23/09/2018,29/09/2018,19/09/2018, , ,ANNUAL GENERAL MEETING   
BE,PDPL,Parenteral Drugs Ltd, ,23/09/2018,29/09/2018,19/09/2018, , ,ANNUAL GENERAL MEETING   
BE,GOENKA,Goenka Diamond&Jewels Ltd, ,23/09/2018,29/09/2018,19/09/2018, , ,ANNUAL GENERAL MEETING   
BE,PARABDRUGS,Parabolic Drugs Ltd, ,23/09/2018,29/09/2018,19/09/2018, , ,ANNUAL GENERAL MEETING   
BE,JAMNAAUTO,Jamna Auto Ind Ltd, ,23/09/2018,29/09/2018,19/09/2018, , ,AGM/DIV-RE 0.55 PER SH   
BE,SUMEETINDS,Sumeet Ind Limited, ,22/09/2018,29/09/2018,19/09/2018, , ,ANNUAL GENERAL MEETING   
BE,USHERAGRO,Usher Agro Ltd, ,26/09/2018,29/09/2018,24/09/2018, , ,ANNUAL GENERAL MEETING   
BE,ANSALAPI,AnsalProperties-Roll Sett, ,24/09/2018,29/09/2018,19/09/2018, , ,ANNUAL GENERAL MEETING   
BE,SPMLINFRA,SPML Infra Limited, ,22/09/2018,29/09/2018,19/09/2018, , ,ANNUAL GENERAL MEETING   
BE,TARAPUR,Tarapur Transformers Ltd, ,24/09/2018,29/09/2018,19/09/2018, , ,ANNUAL GENERAL MEETING   
BE,PRADIP,Pradip Overseas Ltd, ,22/09/2018,29/09/2018,19/09/2018, , ,ANNUAL GENERAL MEETING   
BE,XLENERGY,XL Energy Limited, ,22/09/2018,29/09/2018,19/09/2018, , ,ANNUAL GENERAL MEETING   
BE,KSERASERA,KSS Limited, ,23/09/2018,29/09/2018,19/09/2018, , ,ANNUAL GENERAL MEETING   
BE,BILENERGY,Bil Energy Systems Ltd, ,24/09/2018,29/09/2018,19/09/2018, , ,ANNUAL GENERAL MEETING   
BE,HFCL,Himachal Fut Com Ltd, ,24/09/2018,29/09/2018,19/09/2018, , ,AGM/DIV-RE 0.06 PER SHARE
BE,APLAPOLLO,Apl Apollo Tubes Ltd, ,22/09/2018,29/09/2018,19/09/2018, , ,AGM/DIV-RS 14 PER SH     
BE,KANANIIND,Kanani Industries Ltd, ,22/09/2018,29/09/2018,19/09/2018, , ,ANNUAL GENERAL MEETING   
BE,SEZAL,Sezal Glass Limited, ,27/09/2018,29/09/2018,25/09/2018, , ,ANNUAL GENERAL MEETING   
BE,CIMMCO,Cimmco Limited, ,22/09/2018,29/09/2018,19/09/2018, , ,ANNUAL GENERAL MEETING   
BE,OMMETALS,OM Metals Infrapro Ltd, ,22/09/2018,29/09/2018,19/09/2018, , ,ANNUAL GENERAL MEETING   
BE,METKORE,Metkore Alloys & Ind Ltd, ,27/09/2018,29/09/2018,25/09/2018, , ,ANNUAL GENERAL MEETING   
BE,HGS,Hinduja Global Sols. Ltd., ,28/09/2018,29/09/2018,26/09/2018, , ,AGM/DIV RS 2.50 PER SHARE
BE,V2RETAIL,V2 Retail Limited, ,23/09/2018,29/09/2018,19/09/2018, , ,ANNUAL GENERAL MEETING   
BE,NAGAROIL,Nagarjuna Oil Refinery, ,22/09/2018,29/09/2018,19/09/2018, , ,ANNUAL GENERAL MEETING   
BE,COUNCODOS,Country Condo's Limited, ,22/09/2018,29/09/2018,19/09/2018, , ,ANNUAL GENERAL MEETING   
BE,ACCELYA,Kale Consultants Limited, ,01/10/2018,10/10/2018,27/09/2018, , ,AGM/DIV-RS 32 PER SH     
BE,DQE,DQ Entertainment Int Ltd, ,22/09/2018,29/09/2018,19/09/2018, , ,ANNUAL GENERAL MEETING   
BE,INDOTHAI,Indo Thai Sec Ltd, ,23/09/2018,29/09/2018,19/09/2018, , ,DIV-RE 1 PER SHARE       
BE,DSSL,Dynacons Sys & Sol. Ltd., ,23/09/2018,29/09/2018,19/09/2018, , ,ANNUAL GENERAL MEETING   
BE,PGEL,PG Electroplast Ltd, ,24/09/2018,29/09/2018,19/09/2018, , ,ANNUAL GENERAL MEETING   
BE,MUTHOOTFIN,Muthoot Finance Limited, ,23/09/2018,29/09/2018,19/09/2018, , ,ANNUAL GENERAL MEETING   
BE,BAFNAPHARM,Bafna Pharmaceuticals L, ,23/09/2018,29/09/2018,19/09/2018, , ,ANNUAL GENERAL MEETING   
BE,VIVIDHA,Visagar Polytex Ltd, ,24/09/2018,29/09/2018,19/09/2018, , ,ANNUAL GENERAL MEETING   
BE,TARMAT,Tarmat Limited, ,23/09/2018,29/09/2018,19/09/2018, , ,ANNUAL GENERAL MEETING   
BE,PCJEWELLER,PC Jeweller Ltd, ,22/09/2018,29/09/2018,19/09/2018, , ,AGM/DIV-RE 0.50 PER SH   
BE,SREEL,Sreeleathers Limited, ,24/09/2018,29/09/2018,19/09/2018, , ,ANNUAL GENERAL MEETING   
BE,CNOVAPETRO,CIL Nova Petro Chm Ltd, ,27/09/2018,29/09/2018,25/09/2018, , ,ANNUAL GENERAL MEETING   
BE,NDL,Nandan Denim Limited, ,23/09/2018,29/09/2018,19/09/2018, , ,AGM/DIV RE 0.8 PER SHARE 
BE,LYPSAGEMS,Lypsa Gems & Jewel Ltd, ,23/09/2018,29/09/2018,19/09/2018, , ,ANNUAL GENERAL MEETING   
BE,MODTHREAD,Modern Thread Ltd., ,24/09/2018,29/09/2018,19/09/2018, , ,ANNUAL GENERAL MEETING   
BE,RAJASPETRO,Rajasthan Petro Synthetic, ,23/09/2018,29/09/2018,19/09/2018, , ,ANNUAL GENERAL MEETING   
BE,SUPERHOUSE,Superhouse Limited, ,13/09/2018,29/09/2018,11/09/2018, , ,AGM/DIV-RE 1 PER SHARE   
BE,NOESISIND,Noesis Industries Limited, ,22/09/2018,29/09/2018,19/09/2018, , ,ANNUAL GENERAL MEETING   
BE,AGARIND,Agarwal Inds Corp Ltd., ,23/09/2018,29/09/2018,19/09/2018, , ,AGM/DIV-RS 1.50 PER SH   
BE,AGARIND,Agarwal Inds Corp Ltd., ,23/09/2018,29/09/2018,19/09/2018, , ,AGM/DIV-RS 1.50 PER SH   
BE,KIOCL,KIOCL Limited,01/10/2018, , ,28/09/2018, , ,BUYBACK                  
BE,FINPIPE,FINOLEX INDUSTRIES LTD, ,22/09/2018,29/09/2018,19/09/2018, , ,AGM/DIV-RS 10 PER SH     
BE,GMDCLTD,Gujarat Min. Dev. Corpn , ,22/09/2018,29/09/2018,19/09/2018, , ,AGM/DIV-RS 3.50 PER SHARE
BE,LYKALABS,Lyka Labs Ltd, ,22/09/2018,29/09/2018,19/09/2018, , ,ANNUAL GENERAL MEETING   
BE,JMCPROJECT,JMC Projects (I)  Ltd.,05/10/2018, , ,04/10/2018, , ,FV SPLT FRM RS10 TO RS2  
BE,VISESHINFO,Visesh Infotecnics Limite, ,23/09/2018,29/09/2018,19/09/2018, , ,ANNUAL GENERAL MEETING   
BE,JAINSTUDIO,Jain Studios Limited, ,24/09/2018,29/09/2018,19/09/2018, , ,ANNUAL GENERAL MEETING   
BE,GINNIFILA,Ginni Filaments Ltd, ,23/09/2018,29/09/2018,19/09/2018, , ,ANNUAL GENERAL MEETING   
BE,SANGAMIND,Sangam (India) Ltd., ,22/09/2018,29/09/2018,19/09/2018, , ,AGM/DIV-RE 1 PER SHARE   
BE,CREATIVEYE,Creative Eye Ltd., ,23/09/2018,29/09/2018,19/09/2018, , ,ANNUAL GENERAL MEETING   
BE,EASUNREYRL,Easun Reyrolle Relays, ,25/09/2018,29/09/2018,21/09/2018, , ,ANNUAL GENERAL MEETING   
BE,EUROTEXIND,Eurotex Ind.& Exports Ltd, ,19/09/2018,29/09/2018,17/09/2018, , ,ANNUAL GENERAL MEETING   
BE,KHAITANELE,Khaitan Electricals Ltd, ,22/09/2018,29/09/2018,19/09/2018, , ,ANNUAL GENERAL MEETING   
BE,PANACEABIO,Panacea Biotec Ltd., ,24/09/2018,29/09/2018,19/09/2018, , ,ANNUAL GENERAL MEETING   
BE,UCALFUEL,Ucal Fuel Systems Ltd, ,22/09/2018,29/09/2018,19/09/2018, , ,DIV RS 10 PER SHARE      
BE,UCALFUEL,Ucal Fuel Systems Ltd, ,22/09/2018,29/09/2018,19/09/2018, , ,DIV RS 10 PER SHARE      
BE,ARENTERP,RajdarshanIndus-RollSett, ,22/09/2018,29/09/2018,19/09/2018, , ,ANNUAL GENERAL MEETING   
BE,DALALSTCOM,DSJ Communications Ltd., ,22/09/2018,29/09/2018,19/09/2018, , ,ANNUAL GENERAL MEETING   
BE,CALSOFT,CaliforniaSoft- Roll Sett, ,27/09/2018,29/09/2018,25/09/2018, , ,ANNUAL GENERAL MEETING   
BE,RICOAUTO,Rico Auto Industries Ltd, ,22/09/2018,29/09/2018,19/09/2018, , ,AGM/DIV-RE 0.40 PER SH   
BE,AUTOLITIND,AutoliteIndiaLtd-RollSett, ,24/09/2018,29/09/2018,19/09/2018, , ,ANNUAL GENERAL MEETING   
BE,TOKYOPLAST,Tokyo Plast Intl Ltd, ,22/09/2018,29/09/2018,19/09/2018, , ,ANNUAL GENERAL MEETING   
BE,RAJESHEXPO,Rajesh Exports Ltd-Depo, ,22/09/2018,29/09/2018,19/09/2018, , ,DIV-RE 1 PER SHARE       
BE,POLYPLEX,Polyplex Corporation Ltd., ,22/09/2018,29/09/2018,19/09/2018, , ,AGM/DIV-RS 5 PER SHARE   
BE,HITECHGEAR,HitechGearsLtd-Roll Sett, ,23/09/2018,29/09/2018,19/09/2018, , ,AGM/DIV-RS 2 PER SH      
BE,SALSTEEL,S.A.L. Steel Ltd., ,14/09/2018,01/10/2018,11/09/2018, , ,ANNUAL GENERAL MEETING   
BE,BLUEBLENDS,Blue Blends (I) Ltd, ,24/09/2018,29/09/2018,19/09/2018, , ,ANNUAL GENERAL MEETING   
BE,RAMGOPOLY,Ramgopal Poly-Roll Sett, ,23/09/2018,29/09/2018,19/09/2018, , ,ANNUAL GENERAL MEETING   
BE,OPTOCIRCUI,Opto Circuits (I) Ltd., ,25/09/2018,29/09/2018,21/09/2018, , ,ANNUAL GENERAL MEETING   
BE,RADAAN,RADAAN MEDIAWORKS (I) LTD, ,24/09/2018,30/09/2018,19/09/2018, , ,ANNUAL GENERAL MEETING   
BE,EKC,Everest Kanto Cylinder Li, ,21/09/2018,29/09/2018,18/09/2018, , ,ANNUAL GENERAL MEETING   
BE,RAJVIR,Rajvir Industries Limited, ,26/09/2018,29/09/2018,24/09/2018, , ,ANNUAL GENERAL MEETING   
BE,SAMBHAAV,Sambhaav Media Limited, ,22/09/2018,29/09/2018,19/09/2018, , ,ANNUAL GENERAL MEETING   
BE,RENUKA,Shree Renuka Sugars Ltd, ,21/09/2018,29/09/2018,18/09/2018, , ,ANNUAL GENERAL MEETING   
BE,BEPL,Bhansal Engg PolyLtd-Depo, ,22/09/2018,29/09/2018,19/09/2018, , ,AGM/DIV-RE 0.30 PER SHARE
BE,SAKUMA,Sakuma Exports Limited, ,22/09/2018,29/09/2018,19/09/2018, , ,AGM/DIV-RE 1 PER SHARE   
BE,VISASTEEL,Visa Steel Limited, ,22/09/2018,29/09/2018,19/09/2018, , ,ANNUAL GENERAL MEETING   
BE,SANWARIA,Sanwaria Consumer Ltd., ,27/09/2018,30/09/2018,25/09/2018, , ,ANNUAL GENERAL MEETING   
BE,SGL,STL Global Limited, ,23/09/2018,29/09/2018,19/09/2018, , ,ANNUAL GENERAL MEETING   
BE,SHAHALLOYS,Shah Alloys Limited, ,14/09/2018,01/10/2018,11/09/2018, , ,ANNUAL GENERAL MEETING   
BE,SURYALAXMI,Suryalakshmi Cot Mil Ltd, ,22/09/2018,29/09/2018,19/09/2018, , ,ANNUAL GENERAL MEETING   
BE,PAEL,PAE Limited, ,24/09/2018,29/09/2018,19/09/2018, , ,ANNUAL GENERAL MEETING   
BE,LOKESHMACH,LOKESH MACHINES LIMITED, ,23/09/2018,29/09/2018,19/09/2018, , ,ANNUAL GENERAL MEETING   
BE,SPLIL,SPL Industries Limited, ,21/09/2018,29/09/2018,18/09/2018, , ,ANNUAL GENERAL MEETING   
BE,RAJTV,Raj Television Network Li, ,21/09/2018,29/09/2018,18/09/2018, , ,ANNUAL GENERAL MEETING   
BE,HDIL,Housing Development and I, ,22/09/2018,29/09/2018,19/09/2018, , ,ANNUAL GENERAL MEETING   
BE,IBREALEST,Indiabulls Real Estate Li, ,24/09/2018,29/09/2018,19/09/2018, , ,ANNUAL GENERAL MEETING   
BE,KAVVERITEL,Kavveri Telecom Products, ,23/09/2018,29/09/2018,19/09/2018, , ,ANNUAL GENERAL MEETING   
BE,ALPA,Alpa Laboratories Limited, ,22/09/2018,29/09/2018,19/09/2018, , ,ANNUAL GENERAL MEETING   
BE,KNRCON,KNR Constructions Limited, ,26/09/2018,29/09/2018,24/09/2018, , ,AGM/DIV RE0.40 PER SHARE 
BE,SATHAISPAT,Sathavahana Ispat Ltd, ,16/09/2018,29/09/2018,12/09/2018, , ,ANNUAL GENERAL MEETING   
BE,ESSDEE,Ess Dee Aluminium Limited, ,24/09/2018,30/09/2018,19/09/2018, , ,ANNUAL GENERAL MEETING   
BE,PRAENG,Prajay Engineers Syndicat, ,21/09/2018,29/09/2018,18/09/2018, , ,ANNUAL GENERAL MEETING   
BE,VALECHAENG,Valecha Engineering Limit, ,22/09/2018,29/09/2018,19/09/2018, , ,ANNUAL GENERAL MEETING   
BE,JINDALPOLY,JINDAL POLYESTER LTD, ,22/09/2018,29/09/2018,19/09/2018, , ,DIV-RE 1 PER SHARE       
BE,WEBELSOLAR,Websol Energy System Ltd, ,22/09/2018,29/09/2018,19/09/2018, , ,ANNUAL GENERAL MEETING   
BE,ANANTRAJ,Anant Raj Industries Limi, ,22/09/2018,29/09/2018,19/09/2018, , ,AGM/DIV RE 0.24 PER SHARE
BE,ANANTRAJ,Anant Raj Industries Limi, ,22/09/2018,29/09/2018,19/09/2018, , ,AGM/DIV RE 0.24 PER SHARE
BE,BILPOWER,Bilpower  Limited, ,24/09/2018,29/09/2018,19/09/2018, , ,ANNUAL GENERAL MEETING   
BE,ENERGYDEV,Energy Development Compan, ,24/09/2018,29/09/2018,19/09/2018, , ,DIV-RE 0.50 PER SHARE    
BE,NITINFIRE,Nitin Fire Protection Ind, ,23/09/2018,29/09/2018,19/09/2018, , ,ANNUAL GENERAL MEETING   
BE,RMCL,Radha Madhav Corporation, ,22/09/2018,29/09/2018,19/09/2018, , ,ANNUAL GENERAL MEETING   
BE,SHIVAMAUTO,Shivam Autotech Limited, ,22/09/2018,29/09/2018,19/09/2018, , ,ANNUAL GENERAL MEETING   
BE,JAIHINDPRO,Jaihind Projects Ltd, ,22/09/2018,29/09/2018,19/09/2018, , ,ANNUAL GENERAL MEETING   
BE,GUJAPOLLO,Gujarat Apollo Equip Ltd., ,22/09/2018,29/09/2018,19/09/2018, , ,AGM/DIV-RS 3 PER SHARE   
BZ,SHLAKSHMI,Shri Lakshmi Cotsyn Limit, ,23/09/2018,29/09/2018,19/09/2018, , ,ANNUAL GENERAL MEETING   
BZ,VALECHAENG,Valecha Engineering Limit, ,22/09/2018,29/09/2018,19/09/2018, , ,ANNUAL GENERAL MEETING   
BZ,SEZAL,Sezal Glass Limited, ,27/09/2018,29/09/2018,25/09/2018, , ,ANNUAL GENERAL MEETING   
BZ,JINDCOT,Jindal Cotex Ltd, ,27/09/2018,29/09/2018,25/09/2018, , ,ANNUAL GENERAL MEETING   
BZ,GOENKA,Goenka Diamond&Jewels Ltd, ,23/09/2018,29/09/2018,19/09/2018, , ,ANNUAL GENERAL MEETING   
BZ,EASUNREYRL,Easun Reyrolle Relays, ,25/09/2018,29/09/2018,21/09/2018, , ,ANNUAL GENERAL MEETING   
BZ,BILPOWER,Bilpower  Limited, ,24/09/2018,29/09/2018,19/09/2018, , ,ANNUAL GENERAL MEETING   
BZ,AUSTRAL,Austral Coke & Projects L, ,23/09/2018,29/09/2018,19/09/2018, , ,ANNUAL GENERAL MEETING   
BZ,CALSOFT,California Soft Ltd., ,27/09/2018,29/09/2018,25/09/2018, , ,ANNUAL GENERAL MEETING   
BZ,ESSDEE,Ess Dee Aluminium Limited, ,24/09/2018,30/09/2018,19/09/2018, , ,ANNUAL GENERAL MEETING   
D1,PEL,Piramal Enterprises Ltd,08/10/2018, , ,05/10/2018, , ,INTEREST PAYMENT         
EQ,ZENTEC,Zen Technologies Limited, ,22/09/2018,29/09/2018,19/09/2018, , ,AGM/DIVRE 0.10 PER SHARE 
EQ,VETO,Veto Switchgear Cable Ltd, ,27/09/2018,29/09/2018,25/09/2018, , ,AGM/DIV- RS 2 PER SHARE  
EQ,SIGNET,Signet Industries Limited, ,23/09/2018,29/09/2018,19/09/2018, , ,AGM/DIVRE 0.05 PER SHARE 
EQ,ELAND,E-Land Apparel Limited, ,23/09/2018,29/09/2018,19/09/2018, , ,ANNUAL GENERAL MEETING   
EQ,A2ZINFRA,A2z Infra Engineering Ltd, ,22/09/2018,29/09/2018,19/09/2018, , ,ANNUAL GENERAL MEETING   
EQ,PNCINFRA,PNC Infratech Ltd., ,23/09/2018,29/09/2018,19/09/2018, , ,AGM/DIV-RE 0.50 PER SH   
EQ,GOODLUCK,Goodluck India Limited, ,23/09/2018,29/09/2018,19/09/2018, , ,ANNUAL GENERAL MEETING   
EQ,CCHHL,Country Club Hosp Hol Ltd, ,22/09/2018,29/09/2018,19/09/2018, , ,ANNUAL GENERAL MEETING   
EQ,MOLDTKPAC,Mold-Tek Packaging Ltd, ,23/09/2018,29/09/2018,19/09/2018, , ,AGM/DIV-RS 2 PER SH      
EQ,NILAINFRA,Nila Infrastructures Ltd, ,22/09/2018,29/09/2018,19/09/2018, , ,AGM/DIV-RE 0.11 PER SH   
EQ,LINCOLN,Lincoln Pharma Ltd, ,22/09/2018,29/09/2018,19/09/2018, , ,DIV-RS 1.50 PER SHARE    
EQ,RAMASTEEL,Rama Steel Tubes Limited, ,27/09/2018,29/09/2018,25/09/2018, , ,ANNUAL GENERAL MEETING   
EQ,ORTINLABSS,Ortin Laboratories Ltd, ,22/09/2018,29/09/2018,19/09/2018, , ,ANNUAL GENERAL MEETING   
EQ,SOMICONVEY,Somi Conveyor Belt. Ltd., ,23/09/2018,29/09/2018,19/09/2018, , ,AGM/DIV-RE 0.50 PER SH   
EQ,DUCON,Ducon Infratech Ltd, ,23/09/2018,29/09/2018,19/09/2018, , ,ANNUAL GENERAL MEETING   
EQ,NAGAFERT,Nagarjun Fert and Che Ltd, ,22/09/2018,29/09/2018,19/09/2018, , ,ANNUAL GENERAL MEETING   
EQ,MOLDTECH,Mold-Tek Technologies Ltd, ,23/09/2018,29/09/2018,19/09/2018, , ,AGM/DIV-RE 0.40 PER SH   
EQ,INFIBEAM,Infibeam Avenues Limited, ,22/09/2018,29/09/2018,19/09/2018, , ,AGM/DIV-RE 0.10 PER SH   
EQ,ERIS,Eris Lifesciences Limited, ,22/09/2018,29/09/2018,19/09/2018, , ,ANNUAL GENERAL MEETING   
EQ,MASKINVEST,Mask Investments Limited, ,24/09/2018,29/09/2018,19/09/2018, , ,ANNUAL GENERAL MEETING   
EQ,RNAVAL,Reliance Naval & Eng Ltd., ,26/09/2018,29/09/2018,24/09/2018, , ,ANNUAL GENERAL MEETING   
EQ,SORILINFRA,SORIL Infra Res Ltd, ,24/09/2018,29/09/2018,19/09/2018, , ,ANNUAL GENERAL MEETING   
EQ,ICICIGI,ICICI Lombard GIC Limited,30/10/2018, , ,29/10/2018, , ,INTERIM DIV              
EQ,CAPTRUST,Capital Trust Limited, ,23/09/2018,29/09/2018,19/09/2018, , ,DIV-RE 0.50 PER SHARE    
EQ,SIGIND,Signet Industries Limited, ,23/09/2018,29/09/2018,19/09/2018, , ,AGM/DIV RE 0.50 PER SH   
EQ,ADROITINFO,Adroit Infotech Limited, ,22/09/2018,29/09/2018,19/09/2018, , ,ANNUAL GENERAL MEETING   
EQ,IBULISL,Indiabulls Integr Ser Ltd, ,24/09/2018,29/09/2018,19/09/2018, , ,ANNUAL GENERAL MEETING   
EQ,PAISALO,Paisalo Digital Limited, ,23/09/2018,29/09/2018,19/09/2018, , ,AGM/DIV-RE 1 PER SHARE   
EQ,JAIHINDPRO,Jaihind Projects Ltd, ,22/09/2018,29/09/2018,19/09/2018, , ,ANNUAL GENERAL MEETING   
EQ,SHLAKSHMI,Shri Lakshmi Cotsyn Limit, ,23/09/2018,29/09/2018,19/09/2018, , ,ANNUAL GENERAL MEETING   
EQ,KOLTEPATIL,Kolte - Patil Developers, ,22/09/2018,29/09/2018,19/09/2018, , ,DIV-RS 2.00 PER SHARE    
EQ,GUJAPOLLO,Gujarat Apollo Equip Ltd., ,22/09/2018,29/09/2018,19/09/2018, , ,AGM/DIV-RS 3 PER SHARE   
EQ,CELESTIAL,Celestial Biolabs Limited, ,27/09/2018,29/09/2018,25/09/2018, , ,ANNUAL GENERAL MEETING   
EQ,MVL,MVL Limited, ,22/09/2018,29/09/2018,19/09/2018, , ,ANNUAL GENERAL MEETING   
EQ,KSK,KSK Energy Ventures Limit, ,22/09/2018,29/09/2018,19/09/2018, , ,ANNUAL GENERAL MEETING   
EQ,TANTIACONS,Tantia Constructions Limi, ,22/09/2018,29/09/2018,19/09/2018, , ,ANNUAL GENERAL MEETING   
EQ,AUSTRAL,Austral Coke & Projects L, ,23/09/2018,29/09/2018,19/09/2018, , ,ANNUAL GENERAL MEETING   
EQ,SOTL,Savita Oil Technologies L, ,22/09/2018,29/09/2018,19/09/2018, , ,AGM/DIV-RS 2.50 PER SH   
EQ,BEARDSELL,Beardsell Limited, ,22/09/2018,29/09/2018,19/09/2018, , ,ANNUAL GENERAL MEETING   
EQ,KWALITY,Kwality Limited, ,24/09/2018,29/09/2018,19/09/2018, , ,AGM/DIV-RE 0.10 PER SH   
EQ,JIKIND,JIK Industries Limited, ,22/09/2018,29/09/2018,19/09/2018, , ,ANNUAL GENERAL MEETING   
EQ,JINDCOT,Jindal Cotex Ltd, ,27/09/2018,29/09/2018,25/09/2018, , ,ANNUAL GENERAL MEETING   
EQ,MBLINFRA,MBL Infrastructures Ltd, ,21/09/2018,29/09/2018,18/09/2018, , ,ANNUAL GENERAL MEETING   
EQ,TWL,Titagarh Wagons Limited, ,22/09/2018,29/09/2018,19/09/2018, , ,AGM/DIV-RE 0.30 PER SHARE
EQ,DBREALTY,D B Realty Limited, ,21/09/2018,29/09/2018,18/09/2018, , ,ANNUAL GENERAL MEETING   
EQ,GOKUL,Gokul Refoils and Solvent, ,24/09/2018,29/09/2018,19/09/2018, , ,ANNUAL GENERAL MEETING   
EQ,IOLCP,IOL Chem and Pharma Ltd, ,23/09/2018,29/09/2018,19/09/2018, , ,ANNUAL GENERAL MEETING   
EQ,PDPL,Parenteral Drugs Ltd, ,23/09/2018,29/09/2018,19/09/2018, , ,ANNUAL GENERAL MEETING   
EQ,GOENKA,Goenka Diamond&Jewels Ltd, ,23/09/2018,29/09/2018,19/09/2018, , ,ANNUAL GENERAL MEETING   
EQ,PARABDRUGS,Parabolic Drugs Ltd, ,23/09/2018,29/09/2018,19/09/2018, , ,ANNUAL GENERAL MEETING   
EQ,JAMNAAUTO,Jamna Auto Ind Ltd, ,23/09/2018,29/09/2018,19/09/2018, , ,AGM/DIV-RE 0.55 PER SH   
EQ,SUMEETINDS,Sumeet Ind Limited, ,22/09/2018,29/09/2018,19/09/2018, , ,ANNUAL GENERAL MEETING   
EQ,USHERAGRO,Usher Agro Ltd, ,26/09/2018,29/09/2018,24/09/2018, , ,ANNUAL GENERAL MEETING   
EQ,ANSALAPI,Ansal Properties & Ind Lt, ,24/09/2018,29/09/2018,19/09/2018, , ,ANNUAL GENERAL MEETING   
EQ,SPMLINFRA,SPML Infra Limited, ,22/09/2018,29/09/2018,19/09/2018, , ,ANNUAL GENERAL MEETING   
EQ,TARAPUR,Tarapur Transformers Ltd, ,24/09/2018,29/09/2018,19/09/2018, , ,ANNUAL GENERAL MEETING   
EQ,PRADIP,Pradip Overseas Ltd, ,22/09/2018,29/09/2018,19/09/2018, , ,ANNUAL GENERAL MEETING   
EQ,XLENERGY,XL Energy Limited, ,22/09/2018,29/09/2018,19/09/2018, , ,ANNUAL GENERAL MEETING   
EQ,KSERASERA,KSS Limited, ,23/09/2018,29/09/2018,19/09/2018, , ,ANNUAL GENERAL MEETING   
EQ,BILENERGY,Bil Energy Systems Ltd, ,24/09/2018,29/09/2018,19/09/2018, , ,ANNUAL GENERAL MEETING   
EQ,HFCL,Himachal Fut Com Ltd, ,24/09/2018,29/09/2018,19/09/2018, , ,AGM/DIV-RE 0.06 PER SHARE
EQ,APLAPOLLO,Apl Apollo Tubes Ltd, ,22/09/2018,29/09/2018,19/09/2018, , ,AGM/DIV-RS 14 PER SH     
EQ,KANANIIND,Kanani Industries Ltd, ,22/09/2018,29/09/2018,19/09/2018, , ,ANNUAL GENERAL MEETING   
EQ,SEZAL,Sezal Glass Limited, ,27/09/2018,29/09/2018,25/09/2018, , ,ANNUAL GENERAL MEETING   
EQ,CIMMCO,Cimmco Limited, ,22/09/2018,29/09/2018,19/09/2018, , ,ANNUAL GENERAL MEETING   
EQ,OMMETALS,OM Metals Infrapro Ltd, ,22/09/2018,29/09/2018,19/09/2018, , ,ANNUAL GENERAL MEETING   
EQ,METKORE,Metkore Alloys & Ind Ltd, ,27/09/2018,29/09/2018,25/09/2018, , ,ANNUAL GENERAL MEETING   
EQ,HGS,Hinduja Global Sols Ltd, ,28/09/2018,29/09/2018,26/09/2018, , ,AGM/DIV RS 2.50 PER SHARE
EQ,V2RETAIL,V2 Retail Limited, ,23/09/2018,29/09/2018,19/09/2018, , ,ANNUAL GENERAL MEETING   
EQ,NAGAROIL,Nagarjuna Oil Refinery, ,22/09/2018,29/09/2018,19/09/2018, , ,ANNUAL GENERAL MEETING   
EQ,COUNCODOS,Country Condo's Limited, ,22/09/2018,29/09/2018,19/09/2018, , ,ANNUAL GENERAL MEETING   
EQ,ACCELYA,Kale Consultants Limited, ,01/10/2018,10/10/2018,27/09/2018, , ,AGM/DIV-RS 32 PER SH     
EQ,DQE,DQ Entertainment Int Ltd, ,22/09/2018,29/09/2018,19/09/2018, , ,ANNUAL GENERAL MEETING   
EQ,INDOTHAI,Indo Thai Sec Ltd, ,23/09/2018,29/09/2018,19/09/2018, , ,DIV-RE 1 PER SHARE       
EQ,DSSL,Dynacons Sys & Sol. Ltd., ,23/09/2018,29/09/2018,19/09/2018, , ,ANNUAL GENERAL MEETING   
EQ,PGEL,PG Electroplast Ltd, ,24/09/2018,29/09/2018,19/09/2018, , ,ANNUAL GENERAL MEETING   
EQ,MUTHOOTFIN,Muthoot Finance Limited, ,23/09/2018,29/09/2018,19/09/2018, , ,ANNUAL GENERAL MEETING   
EQ,BAFNAPHARM,Bafna Pharmaceuticals L, ,23/09/2018,29/09/2018,19/09/2018, , ,ANNUAL GENERAL MEETING   
EQ,VIVIDHA,Visagar Polytex Ltd, ,24/09/2018,29/09/2018,19/09/2018, , ,ANNUAL GENERAL MEETING   
EQ,TARMAT,Tarmat Limited, ,23/09/2018,29/09/2018,19/09/2018, , ,ANNUAL GENERAL MEETING   
EQ,PCJEWELLER,PC Jeweller Ltd, ,22/09/2018,29/09/2018,19/09/2018, , ,AGM/DIV-RE 0.50 PER SH   
EQ,SREEL,Sreeleathers Limited, ,24/09/2018,29/09/2018,19/09/2018, , ,ANNUAL GENERAL MEETING   
EQ,CNOVAPETRO,CIL Nova Petro Chm Ltd, ,27/09/2018,29/09/2018,25/09/2018, , ,ANNUAL GENERAL MEETING   
EQ,NDL,Nandan Denim Limited, ,23/09/2018,29/09/2018,19/09/2018, , ,AGM/DIV RE 0.8 PER SHARE 
EQ,LYPSAGEMS,Lypsa Gems & Jewel Ltd, ,23/09/2018,29/09/2018,19/09/2018, , ,ANNUAL GENERAL MEETING   
EQ,SUPERHOUSE,Superhouse Limited, ,13/09/2018,29/09/2018,11/09/2018, , ,AGM/DIV-RE 1 PER SHARE   
EQ,NOESISIND,Noesis Industries Limited, ,22/09/2018,29/09/2018,19/09/2018, , ,ANNUAL GENERAL MEETING   
EQ,AGARIND,Agarwal Inds Corp Ltd., ,23/09/2018,29/09/2018,19/09/2018, , ,AGM/DIV-RS 1.50 PER SH   
EQ,AGARIND,Agarwal Inds Corp Ltd., ,23/09/2018,29/09/2018,19/09/2018, , ,AGM/DIV-RS 1.50 PER SH   
EQ,KIOCL,KIOCL Limited,01/10/2018, , ,28/09/2018, , ,BUYBACK                  
EQ,VIPULLTD,Vipul Limited, ,23/09/2018,29/09/2018,19/09/2018, , ,AGM/DIVRE 0.05 PER SHARE 
EQ,ORICONENT,Oricon Enterprises Ltd, ,20/09/2018,29/09/2018,18/09/2018, , ,AGM/DIVRE 0.50 PER SHARE 
EQ,TOKYOPLAST,Tokyo Plast Intl Ltd, ,22/09/2018,29/09/2018,19/09/2018, , ,ANNUAL GENERAL MEETING   
EQ,RICOAUTO,Rico Auto Industries Ltd, ,22/09/2018,29/09/2018,19/09/2018, , ,AGM/DIV-RE 0.40 PER SH   
EQ,UCALFUEL,Ucal Fuel Systems Ltd, ,22/09/2018,29/09/2018,19/09/2018, , ,DIV RS 10 PER SHARE      
EQ,UCALFUEL,Ucal Fuel Systems Ltd, ,22/09/2018,29/09/2018,19/09/2018, , ,DIV RS 10 PER SHARE      
EQ,JINDALPOLY,Jindal Poly Films Limited, ,22/09/2018,29/09/2018,19/09/2018, , ,DIV-RE 1 PER SHARE       
EQ,DALALSTCOM,DSJ Communications Ltd., ,22/09/2018,29/09/2018,19/09/2018, , ,ANNUAL GENERAL MEETING   
EQ,ARENTERP,Rajdharshan Inds Ltd, ,22/09/2018,29/09/2018,19/09/2018, , ,ANNUAL GENERAL MEETING   
EQ,GINNIFILA,Ginni Filaments Ltd, ,23/09/2018,29/09/2018,19/09/2018, , ,ANNUAL GENERAL MEETING   
EQ,LYKALABS,Lyka Labs Ltd, ,22/09/2018,29/09/2018,19/09/2018, , ,ANNUAL GENERAL MEETING   
EQ,POLYPLEX,Polyplex Corporation Ltd., ,22/09/2018,29/09/2018,19/09/2018, , ,AGM/DIV-RS 5 PER SHARE   
EQ,RAMGOPOLY,Ramgopal Polytex Ltd, ,23/09/2018,29/09/2018,19/09/2018, , ,ANNUAL GENERAL MEETING   
EQ,BLUEBLENDS,Blue Blends (I) Ltd, ,24/09/2018,29/09/2018,19/09/2018, , ,ANNUAL GENERAL MEETING   
EQ,EASUNREYRL,Easun Reyrolle Relays, ,25/09/2018,29/09/2018,21/09/2018, , ,ANNUAL GENERAL MEETING   
EQ,FINPIPE,Finolex Ind Ltd., ,22/09/2018,29/09/2018,19/09/2018, , ,AGM/DIV-RS 10 PER SH     
EQ,SANGAMIND,Sangam (India) Ltd., ,22/09/2018,29/09/2018,19/09/2018, , ,AGM/DIV-RE 1 PER SHARE   
EQ,HITECHGEAR,Hi-Tech Gears Ltd, ,23/09/2018,29/09/2018,19/09/2018, , ,AGM/DIV-RS 2 PER SH      
EQ,JMCPROJECT,JMC Projects (I)  Ltd.,05/10/2018, , ,04/10/2018, , ,FV SPLT FRM RS10 TO RS2  
EQ,AUTOLITIND,Autolite (India) Ltd, ,24/09/2018,29/09/2018,19/09/2018, , ,ANNUAL GENERAL MEETING   
EQ,JAINSTUDIO,Jain Studios Ltd., ,24/09/2018,29/09/2018,19/09/2018, , ,ANNUAL GENERAL MEETING   
EQ,RAJASPETRO,Rajasthan Petro Synthetic, ,23/09/2018,29/09/2018,19/09/2018, , ,ANNUAL GENERAL MEETING   
EQ,GMDCLTD,Gujarat Min. Dev. Corpn , ,22/09/2018,29/09/2018,19/09/2018, , ,AGM/DIV-RS 3.50 PER SHARE
EQ,VISESHINFO,Visesh Infotecnics Limite, ,23/09/2018,29/09/2018,19/09/2018, , ,ANNUAL GENERAL MEETING   
EQ,RAJESHEXPO,Rajesh Exports Ltd., ,22/09/2018,29/09/2018,19/09/2018, , ,DIV-RE 1 PER SHARE       
EQ,CREATIVEYE,Creative Eye Ltd., ,23/09/2018,29/09/2018,19/09/2018, , ,ANNUAL GENERAL MEETING   
EQ,EUROTEXIND,Eurotex Ind.& Exports Ltd, ,19/09/2018,29/09/2018,17/09/2018, , ,ANNUAL GENERAL MEETING   
EQ,CALSOFT,California Soft Ltd., ,27/09/2018,29/09/2018,25/09/2018, , ,ANNUAL GENERAL MEETING   
EQ,KHAITANELE,Khaitan Electricals Ltd, ,22/09/2018,29/09/2018,19/09/2018, , ,ANNUAL GENERAL MEETING   
EQ,MODTHREAD,Modern Thread Ltd., ,24/09/2018,29/09/2018,19/09/2018, , ,ANNUAL GENERAL MEETING   
EQ,SALSTEEL,S.A.L. Steel Limited, ,14/09/2018,01/10/2018,11/09/2018, , ,ANNUAL GENERAL MEETING   
EQ,RADAAN,Radaan Mediaworks (I) Ltd, ,24/09/2018,30/09/2018,19/09/2018, , ,ANNUAL GENERAL MEETING   
EQ,PANACEABIO,Panacea Biotec Ltd., ,24/09/2018,29/09/2018,19/09/2018, , ,ANNUAL GENERAL MEETING   
EQ,OPTOCIRCUI,Opto Circuits (India) Lim, ,25/09/2018,29/09/2018,21/09/2018, , ,ANNUAL GENERAL MEETING   
EQ,EKC,Everest Kanto Cylinder Li, ,21/09/2018,29/09/2018,18/09/2018, , ,ANNUAL GENERAL MEETING   
EQ,RAJVIR,Rajvir Industries Limited, ,26/09/2018,29/09/2018,24/09/2018, , ,ANNUAL GENERAL MEETING   
EQ,SAMBHAAV,Sambhaav Media Limited, ,22/09/2018,29/09/2018,19/09/2018, , ,ANNUAL GENERAL MEETING   
EQ,RENUKA,Shree Renuka Sugars Limit, ,21/09/2018,29/09/2018,18/09/2018, , ,ANNUAL GENERAL MEETING   
EQ,BEPL,Bhansali Eng. Polymers Lt, ,22/09/2018,29/09/2018,19/09/2018, , ,AGM/DIV-RE 0.30 PER SHARE
EQ,SAKUMA,Sakuma Exports Limited, ,22/09/2018,29/09/2018,19/09/2018, , ,AGM/DIV-RE 1 PER SHARE   
EQ,VISASTEEL,Visa Steel Limited, ,22/09/2018,29/09/2018,19/09/2018, , ,ANNUAL GENERAL MEETING   
EQ,SANWARIA,Sanwaria Consumer Ltd., ,27/09/2018,30/09/2018,25/09/2018, , ,ANNUAL GENERAL MEETING   
EQ,SGL,STL Global Limited, ,23/09/2018,29/09/2018,19/09/2018, , ,ANNUAL GENERAL MEETING   
EQ,SHAHALLOYS,Shah Alloys Limited, ,14/09/2018,01/10/2018,11/09/2018, , ,ANNUAL GENERAL MEETING   
EQ,SURYALAXMI,Suryalakshmi Cotton Mills, ,22/09/2018,29/09/2018,19/09/2018, , ,ANNUAL GENERAL MEETING   
EQ,PAEL,PAE Limited, ,24/09/2018,29/09/2018,19/09/2018, , ,ANNUAL GENERAL MEETING   
EQ,LOKESHMACH,Lokesh Machines Limited, ,23/09/2018,29/09/2018,19/09/2018, , ,ANNUAL GENERAL MEETING   
EQ,SPLIL,SPL Industries Limited, ,21/09/2018,29/09/2018,18/09/2018, , ,ANNUAL GENERAL MEETING   
EQ,RAJTV,Raj Television Network Li, ,21/09/2018,29/09/2018,18/09/2018, , ,ANNUAL GENERAL MEETING   
EQ,HDIL,Housing Development and I, ,22/09/2018,29/09/2018,19/09/2018, , ,ANNUAL GENERAL MEETING   
EQ,IBREALEST,Indiabulls Real Estate Li, ,24/09/2018,29/09/2018,19/09/2018, , ,ANNUAL GENERAL MEETING   
EQ,KAVVERITEL,Kavveri Telecom Products, ,23/09/2018,29/09/2018,19/09/2018, , ,ANNUAL GENERAL MEETING   
EQ,ALPA,Alpa Laboratories Limited, ,22/09/2018,29/09/2018,19/09/2018, , ,ANNUAL GENERAL MEETING   
EQ,KNRCON,KNR Constructions Limited, ,26/09/2018,29/09/2018,24/09/2018, , ,AGM/DIV RE0.40 PER SHARE 
EQ,SATHAISPAT,Sathavahana Ispat Ltd, ,16/09/2018,29/09/2018,12/09/2018, , ,ANNUAL GENERAL MEETING   
EQ,ESSDEE,Ess Dee Aluminium Limited, ,24/09/2018,30/09/2018,19/09/2018, , ,ANNUAL GENERAL MEETING   
EQ,PRAENG,Prajay Engineers Syndicat, ,21/09/2018,29/09/2018,18/09/2018, , ,ANNUAL GENERAL MEETING   
EQ,VALECHAENG,Valecha Engineering Limit, ,22/09/2018,29/09/2018,19/09/2018, , ,ANNUAL GENERAL MEETING   
EQ,WEBELSOLAR,Websol Energy System Ltd, ,22/09/2018,29/09/2018,19/09/2018, , ,ANNUAL GENERAL MEETING   
EQ,ANANTRAJ,Anant Raj Industries Limi, ,22/09/2018,29/09/2018,19/09/2018, , ,AGM/DIV RE 0.24 PER SHARE
EQ,ANANTRAJ,Anant Raj Industries Limi, ,22/09/2018,29/09/2018,19/09/2018, , ,AGM/DIV RE 0.24 PER SHARE
EQ,BILPOWER,Bilpower  Limited, ,24/09/2018,29/09/2018,19/09/2018, , ,ANNUAL GENERAL MEETING   
EQ,ENERGYDEV,Energy Development Compan, ,24/09/2018,29/09/2018,19/09/2018, , ,DIV-RE 0.50 PER SHARE    
EQ,NITINFIRE,Nitin Fire Protection Ind, ,23/09/2018,29/09/2018,19/09/2018, , ,ANNUAL GENERAL MEETING   
EQ,RMCL,Radha Madhav Corporation, ,22/09/2018,29/09/2018,19/09/2018, , ,ANNUAL GENERAL MEETING   
EQ,SHIVAMAUTO,Shivam Autotech Limited, ,22/09/2018,29/09/2018,19/09/2018, , ,ANNUAL GENERAL MEETING   
K2,HDFC,Housing Development Finan,01/10/2018, , ,28/09/2018, , ,CONVERSION INTO EQUITY   
M5,SRTRANSFIN,Sec Red NCD SV,05/10/2018, , ,27/09/2018,27/09/2018,04/10/2018,INTEREST/ REDEMPTION     
MA,SRTRANSFIN,BOND 9.57% PA SRN S-IV,13/10/2018, , ,08/10/2018,08/10/2018,12/10/2018,INTEREST PAYMENT         
MA,SRTRANSFIN,BOND 9.57% PA SRN S-IV,13/11/2018, , ,02/11/2018,02/11/2018,12/11/2018,INTEREST PAYMENT         
MB,SRTRANSFIN,BOND 9.71% PA SRN S-V,13/11/2018, , ,12/11/2018, , ,INTEREST PAYMENT         
MB,SRTRANSFIN,BOND 9.71% PA SRN S-V,13/10/2018, , ,11/10/2018, , ,INTEREST PAYMENT         
MF,UFIMIPRPII,UTI-FIIF - MIP - II - RDP,03/10/2018, , , , , ,DIV/STP                  
MF,UFIMIPRRII,UTI-FIIF - MIP - II - RDR,03/10/2018, , , , , ,DIV/STP                  
MF,UFIMIPRGII,UTI-FIIF - MIP - II - RG,03/10/2018, , , , , ,STP                      
MF,UFIS2QPRP7,UTI-FIIF II-QIP- VII-RDP,03/10/2018, , , , , ,DIV/STP                  
MF,UFIS2QPRR7,UTI-FIIF II-QIP- VII-RDR,03/10/2018, , , , , ,DIV/STP                  
MF,UFIS2QPRG7,UTI-FIIF II-QIP- VII-RG,03/10/2018, , , , , ,STP                      
MF,UFIS2QPRP4,UTI-FIIF II-QIP- IV-RDP,15/10/2018, , , , , ,DIV/STP                  
MF,UFIS2QPRR4,UTI-FIIF II-QIP- IV-RDR,15/10/2018, , , , , ,DIV/STP                  
MF,UFIS2QPRG4,UTI-FIIF II-QIP- IV-RG,15/10/2018, , , , , ,STP                      
MF,UFIS2QPIG4,UTI-FIIF II-QIP- IV-IG,15/10/2018, , , , , ,STP                      
MF,UFIAIPRGII,UTI-FIIF - AIP- II- RG,15/10/2018, , , , , ,STP                      
MF,UFIAIPRRII,UTI-FIIF  -AIP- II- RDR,15/10/2018, , , , , ,DIV/STP                  
MF,UFIAIPRPII,UTI-FIIF - AIP- II- RDP,15/10/2018, , , , , ,DIV/STP                  
MF,UFIAIPIGII,UTI-FIIF - AIP- II- IG,15/10/2018, , , , , ,STP                      
MF,UFDS2QPIP4,UTIAMC - UFDS2QPIP4,15/10/2018, , , , , ,DIV/STP                  
MF,UFDS2QPIG4,UTIAMC - UFDS2QPIG4,15/10/2018, , , , , ,STP                      
MF,UFDMIPIPII,UTIAMC - UFDMIPIPII,03/10/2018, , , , , ,DIV/STP                  
MF,UFDMIPIGII,UTIAMC - UFDMIPIGII,03/10/2018, , , , , ,STP                      
MF,UFDS2QPRP7,UTIAMC - UFDS2QPRP7,03/10/2018, , , , , ,STP                      
MF,UFDS2QPIP7,UTIAMC - UFDS2QPIP7,03/10/2018, , , , , ,DIV/STP                  
MF,UFDAIPIPII,UTIAMC - UFDAIPIPII,15/10/2018, , , , , ,DIV/STP                  
MF,UFDAIPIGII,UTIAMC - UFDAIPIGII,15/10/2018, , , , , ,STP                      
MF,DWSHYD37RG,DEUTSCHAMC - DWSHYD37RG,03/10/2018, , , , , ,REDEMPTION               
MF,DWSHYD37RA,DEUTSCHAMC - DWSHYD37RA,03/10/2018, , , , , ,REDEMPTION               
MF,DWSHYD37RQ,DEUTSCHAMC - DWSHYD37RQ,03/10/2018, , , , , ,REDEMPTION               
MF,DWSHYD37RD,DEUTSCHAMC - DWSHYD37RD,03/10/2018, , , , , ,REDEMPTION               
MF,DWSHYD37DP,DEUTSCHAMC - DWSHYD37DP,03/10/2018, , , , , ,REDEMPTION               
MF,UTFRQP23P2,UTIAMC - UTFRQP23P2,03/10/2018, , , , , ,DIV/REDEMPTION           
MF,UTFRMP23P2,UTIAMC - UTFRMP23P2,03/10/2018, , , , , ,DIV/REDEMPTION           
MF,UTFRGR23P2,UTIAMC - UTFRGR23P2,03/10/2018, , , , , ,REDEMPTION               
MF,UTFRFP23P2,UTIAMC - UTFRFP23P2,03/10/2018, , , , , ,DIV/REDEMPTION           
MF,UTFRAP23P2,UTIAMC - UTFRAP23P2,03/10/2018, , , , , ,DIV/REDEMPTION           
MF,UTFDQP23P2,UTIAMC - UTFDQP23P2,03/10/2018, , , , , ,DIV/REDEMPTION           
MF,UTFDMP23P2,UTIAMC - UTFDMP23P2,03/10/2018, , , , , ,DIV/REDEMPTION           
MF,UTFDGR23P2,UTIAMC - UTFDGR23P2,03/10/2018, , , , , ,REDEMPTION               
MF,UTFDAP23P2,UTIAMC - UTFDAP23P2,03/10/2018, , , , , ,DIV/REDEMPTION           
MF,UTFRQP23P4,UTIAMC - UTFRQP23P4,17/10/2018, , , , , ,DIV/REDEMPTION           
MF,UTFRMP23P4,UTIAMC - UTFRMP23P4,17/10/2018, , , , , ,DIV/REDEMPTION           
MF,UTFRGR23P4,UTIAMC - UTFRGR23P4,17/10/2018, , , , , ,REDEMPTION               
MF,UTFRAP23P4,UTIAMC - UTFRAP23P4,17/10/2018, , , , , ,DIV/REDEMPTION           
MF,UTFDQP23P4,UTIAMC - UTFDQP23P4,17/10/2018, , , , , ,DIV/REDEMPTION           
MF,UTFDMP23P4,UTIAMC - UTFDMP23P4,17/10/2018, , , , , ,DIV/REDEMPTION           
MF,UTFDGR23P4,UTIAMC - UTFDGR23P4,17/10/2018, , , , , ,REDEMPTION               
MF,UTFDAP23P4,UTIAMC - UTFDAP23P4,17/10/2018, , , , , ,DIV/REDEMPTION           
MF,UTCPOR6GR2,UTIAMC - UTCPOR6GR2,05/10/2018, , , , , ,REDEMPTION               
MF,UTCPOR6DP2,UTIAMC - UTCPOR6DP2,05/10/2018, , , , , ,DIV/REDEMPTION           
MF,UTCPOD6GR2,UTIAMC - UTCPOD6GR2,05/10/2018, , , , , ,REDEMPTION               
MF,UTCPOD6DP2,UTIAMC - UTCPOD6DP2,05/10/2018, , , , , ,DIV/REDEMPTION           
MF,RMFFM26EDG,RELIGARAMC - RMFFM26EDG,03/10/2018, , , , , ,REDEMPTION               
MF,RMFFM26ERG,RELIGARAMC - RMFFM26ERG,03/10/2018, , , , , ,REDEMPTION               
MF,UTFRQP23P5,UTIAMC - UTFRQP23P5,25/10/2018, , , , , ,DIV/REDEMPTION           
MF,UTFRMP23P5,UTIAMC - UTFRMP23P5,25/10/2018, , , , , ,DIV/REDEMPTION           
MF,UTFRGR23P5,UTIAMC - UTFRGR23P5,25/10/2018, , , , , ,REDEMPTION               
MF,UTFRAP23P5,UTIAMC - UTFRAP23P5,25/10/2018, , , , , ,DIV/REDEMPTION           
MF,UTFDQP23P5,UTIAMC - UTFDQP23P5,25/10/2018, , , , , ,DIV/REDEMPTION           
MF,UTFDGR23P5,UTIAMC - UTFDGR23P5,25/10/2018, , , , , ,REDEMPTION               
MF,UTFDAP23P5,UTIAMC - UTFDAP23P5,25/10/2018, , , , , ,DIV/REDEMPTION           
MF,UTFRGR23P7,UTIAMC - UTFRGR23P7,29/10/2018, , , , , ,REDEMPTION               
MF,UTFDGR23P7,UTIAMC - UTFDGR23P7,29/10/2018, , , , , ,REDEMPTION               
MH,SRTRANSFIN,Sec Red NCD 8.93% Sr. I,26/11/2018, , ,15/11/2018,15/11/2018,22/11/2018,INTEREST PAYMENT         
MH,SRTRANSFIN,Sec Red NCD 8.93% Sr. I,27/10/2018, , ,22/10/2018,22/10/2018,26/10/2018,INTEREST PAYMENT         
MI,SRTRANSFIN,Sec Red NCD 9.03% Sr. II,26/11/2018, , ,15/11/2018,15/11/2018,22/11/2018,INTEREST PAYMENT         
MI,SRTRANSFIN,Sec Red NCD 9.03% Sr. II,27/10/2018, , ,22/10/2018,22/10/2018,26/10/2018,INTEREST PAYMENT         
N1,IRFC,BOND 8.00% PA Tax Free S1,01/10/2018, , ,28/09/2018, , ,INTEREST PAYMENT         
N1,PFC,7.35% Tax Free NCD,01/10/2018, , ,28/09/2018, , ,INTEREST PAYMENT         
N1,DHFL,Sec Red NCD 8.74% Sr. 1A,01/10/2018, , ,28/09/2018, , ,INTEREST PAYMENT         
N2,IRFC,BOND 8.10% PA Tax Free S2,01/10/2018, , ,28/09/2018, , ,INTEREST PAYMENT         
N2,DHFL,Sec Red NCD 8.83% Sr. 1B,01/10/2018, , ,28/09/2018, , ,INTEREST PAYMENT         
N3,DHFL,Sec Red NCD 8.74% Sr. 2A,01/10/2018, , ,28/09/2018, , ,INTEREST PAYMENT         
N3,IRFC,7.18 NCD 19FEB23 Tr1 Sr1,01/10/2018, , ,28/09/2018, , ,INTEREST PAYMENT         
N3,PFC,7.60% Tax Free NCD,01/10/2018, , ,28/09/2018, , ,INTEREST PAYMENT         
N4,PFC,8.20% Tax Free NCD,29/09/2018, , ,27/09/2018, , ,INTEREST PAYMENT         
N4,DHFL,Sec Red NCD 8.88% Sr. 2B,01/10/2018, , ,28/09/2018, , ,INTEREST PAYMENT         
N4,IRFC,7.34 NCD 19FEB28 Tr1 Sr2,01/10/2018, , ,28/09/2018, , ,INTEREST PAYMENT         
N4,PFC,8.20% Tax Free NCD,29/09/2018, , ,27/09/2018, , ,INTEREST PAYMENT         
N5,PFC,8.30% Tax Free NCD,29/09/2018, , ,27/09/2018, , ,INTEREST PAYMENT         
N5,EHFLNCD,Sec Red NCD 9.57% Sr. V,25/10/2018, , ,24/10/2018, , ,INTEREST PAYMENT         
N5,IRFC,BOND 6.88% PA Tax Free S1,01/10/2018, , ,28/09/2018, , ,INTEREST PAYMENT         
N5,PFC,8.30% Tax Free NCD,29/09/2018, , ,27/09/2018, , ,INTEREST PAYMENT         
N5,DHFL,Sec Red NCD 8.74% Sr. 3A,01/10/2018, , ,28/09/2018, , ,INTEREST PAYMENT         
N6,DHFL,Sec Red NCD 8.93% Sr. 3B,01/10/2018, , ,28/09/2018, , ,INTEREST PAYMENT         
N6,IRFC,BOND 7.04% PA Tax Free S2,01/10/2018, , ,28/09/2018, , ,INTEREST PAYMENT         
N7,SREIBNPNCD,9.75% SRNCD Sr VII,23/10/2018, , ,22/10/2018, , ,INTEREST PAYMENT         
N8,IBULHSGFIN,Sec Red NCD 8.65% Sr. V,16/10/2018, , ,15/10/2018, , ,INTEREST PAYMENT         
NA,HUDCO,8.14% Tax FreeTrI Sr1A,03/10/2018, , ,01/10/2018, , ,INTEREST PAYMENT         
NB,ICICI1199,ICIC1199-MULTI2-6T-18,29/09/2018, , ,27/09/2018, , ,INTEREST/REDEMPTION      
NB,HUDCO,8.51% Tax FreeTrI Sr2A,03/10/2018, , ,01/10/2018, , ,INTEREST PAYMENT         
NC,SREIBNPNCD,8.90% SRNCD Sr II A,24/10/2018, , ,23/10/2018, , ,INTEREST PAYMENT         
NC,IBULHSGFIN,Uns Red NCD 8.79% Sr.VIII,16/10/2018, , ,15/10/2018, , ,INTEREST PAYMENT         
ND,HUDCO,8.76% Tax FreeTrI Sr2B,03/10/2018, , ,01/10/2018, , ,INTEREST PAYMENT         
ND,SREIBNPNCD,9.12% SRNCD Sr II B,24/10/2018, , ,23/10/2018, , ,INTEREST PAYMENT         
NF,MUTHOOTFIN,9.25% Secured NCD,01/10/2018, , , , , ,INT  PAYMENT/ REDEMPTION 
NF,IRFC,Tax Free 7.07% Sr. 102,01/10/2018, , ,28/09/2018, , ,INTEREST PAYMENT         
NG,IRFC,Tax Free  7.28% Sr. 103,01/10/2018, , ,28/09/2018, , ,INTEREST PAYMENT         
NH,IRFC,Tax Free  7.25% Sr. 104,01/10/2018, , ,28/09/2018, , ,INTEREST PAYMENT         
NI,IRFC,Tax Free  7.32% Sr. 102 A,01/10/2018, , ,28/09/2018, , ,INTEREST PAYMENT         
NI,SREINFRA,10.94% SEC RED NCD SR VI,01/10/2018, , ,28/09/2018, , ,INTEREST PAYMENT         
NI,SREIBNPNCD,9.11% SRNCD Sr V A,24/10/2018, , ,23/10/2018, , ,INTEREST PAYMENT         
NJ,IRFC,Tax Free  7.53% Sr. 103 A,01/10/2018, , ,28/09/2018, , ,INTEREST PAYMENT         
NJ,SREINFRA,11.16% SEC RED NCD SR VI,01/10/2018, , ,28/09/2018, , ,INTEREST PAYMENT         
NJ,SREIBNPNCD,9.35% SRNCD Sr V B,24/10/2018, , ,23/10/2018, , ,INTEREST PAYMENT         
NK,IRFC,Tax Free  7.50% Sr. 104 A,01/10/2018, , ,28/09/2018, , ,INTEREST PAYMENT         
NL,IRFC,Tax Free 7.04% Sr. 107,01/10/2018, , ,28/09/2018, , ,INTEREST PAYMENT         
NM,IRFC,Tax Free  7.35% Sr. 108,01/10/2018, , ,28/09/2018, , ,INTEREST PAYMENT         
NN,IRFC,Tax Free  7.29% Sr. 107A,01/10/2018, , ,28/09/2018, , ,INTEREST PAYMENT         
NO,SREIBNPNCD,Uns Red NCD 9.25% Sr. I,15/10/2018, , ,12/10/2018, , ,INTEREST PAYMENT         
NO,IRFC,Tax Free  7.64% Sr. 108A,01/10/2018, , ,28/09/2018, , ,INTEREST PAYMENT         
NO,SREIBNPNCD,Uns Red NCD 9.25% Sr. I,15/11/2018, , ,14/11/2018, , ,INTEREST PAYMENT         
NQ,SREINFRA,BOND 10.95% PASNSIVC-I&II,23/10/2018, , ,22/10/2018, , ,INTEREST PAYMENT         
NR,SREIBNPNCD,Uns Red NCD 9.35% Sr. IV,15/11/2018, , ,14/11/2018, , ,INTEREST PAYMENT         
NR,SREIBNPNCD,Uns Red NCD 9.35% Sr. IV,15/10/2018, , ,12/10/2018, , ,INTEREST PAYMENT         
NR,SREINFRA,BOND 11.40% PA SNSIVC-III,23/10/2018, , ,22/10/2018, , ,INTEREST PAYMENT         
NU,SREIBNPNCD,Uns Red NCD 9.50% Sr. VII,15/10/2018, , ,12/10/2018, , ,INTEREST PAYMENT         
NU,SREIBNPNCD,Uns Red NCD 9.50% Sr. VII,15/11/2018, , ,14/11/2018, , ,INTEREST PAYMENT         
S1,PEL,Piramal Enterprises Ltd,08/10/2018, , ,28/09/2018,28/09/2018,05/10/2018,INTEREST PAYMENT         
SM,SERVOTECH,Servotech Power Sys Ltd., ,20/09/2018,29/09/2018,18/09/2018, , ,ANNUAL GENERAL MEETING   
SM,SHANTI,Shanti Overseas (Ind) Ltd, ,22/09/2018,29/09/2018,19/09/2018, , ,AGM/DIV-RE 0.50 PER SH   
SM,SIKKO,Sikko Industries Limited, ,22/09/2018,29/09/2018,19/09/2018, , ,ANNUAL GENERAL MEETING   
SM,SRIRAM,Shri Ram Switchgears Ltd, ,22/09/2018,29/09/2018,19/09/2018, , ,ANNUAL GENERAL MEETING   
SM,MOKSH,Moksh Ornaments Limited, ,21/09/2018,29/09/2018,18/09/2018, , ,ANNUAL GENERAL MEETING   
SM,AAKASH,Aakash Exploration Ser L, ,21/09/2018,29/09/2018,18/09/2018, , ,ANNUAL GENERAL MEETING   
SM,BANKA,Banka BioLoo Limited, ,22/09/2018,29/09/2018,19/09/2018, , ,ANNUAL GENERAL MEETING   
SM,MITTAL,Mittal Life Style Limited, ,23/09/2018,29/09/2018,19/09/2018, , ,ANNUAL GENERAL MEETING   
SM,MDL,Marvel Decor Limited, ,22/09/2018,29/09/2018,19/09/2018, , ,ANNUAL GENERAL MEETING   
SM,AVONMPL,Avon Moldplast Limited, ,22/09/2018,29/09/2018,19/09/2018, , ,ANNUAL GENERAL MEETING   
SM,GIRIRAJ,Giriraj Civil Devp Ltd, ,21/09/2018,29/09/2018,18/09/2018, , ,ANNUAL GENERAL MEETING   
SM,MAHICKRA,Mahickra Chemical Limited, ,22/09/2018,29/09/2018,19/09/2018, , ,ANNUAL GENERAL MEETING   
SM,VERA,Vera Synthetic Limited, ,22/09/2018,29/09/2018,19/09/2018, , ,ANNUAL GENERAL MEETING   
SM,SRPL,Shree Ram Proteins Ltd., ,25/09/2018,29/09/2018,21/09/2018, , ,ANNUAL GENERAL MEETING   
SM,SILLYMONKS,Silly Monks Entertain Ltd, ,22/09/2018,29/09/2018,19/09/2018, , ,ANNUAL GENERAL MEETING   
SM,SUULD,Suumaya Lifestyle Limited, ,23/09/2018,29/09/2018,19/09/2018, , ,ANNUAL GENERAL MEETING   
SM,SVLL,Shree Vasu Logistics Ltd, ,23/09/2018,29/09/2018,19/09/2018, , ,ANNUAL GENERAL MEETING   
SM,PIGL,Power Instrument (G) Ltd, ,22/09/2018,29/09/2018,19/09/2018, , ,ANNUAL GENERAL MEETING   
SM,PERFECT,Perfect Infraengineer Ltd, ,22/09/2018,29/09/2018,19/09/2018, , ,ANNUAL GENERAL MEETING   
SM,UNITEDPOLY,United Polyfab Guj. Ltd., ,22/09/2018,29/09/2018,19/09/2018, , ,ANNUAL GENERAL MEETING   
SM,HECPROJECT,HEC Infra Projects Ltd., ,24/09/2018,29/09/2018,19/09/2018, , ,AGM/DIV-RE 1 PER SHARE   
SM,HECPROJECT,HEC Infra Projects Ltd., ,24/09/2018,29/09/2018,19/09/2018, , ,AGM/DIV-RE 1 PER SHARE   
SM,TRANSWIND,Transwind Infra Limited, ,22/09/2018,29/09/2018,19/09/2018, , ,ANNUAL GENERAL MEETING   
SM,GOLDSTAR,Goldstar Power Limited, ,22/09/2018,29/09/2018,19/09/2018, , ,ANNUAL GENERAL MEETING   
SM,VAISHALI,VAISHALI PHARMA LIMITED, ,21/09/2018,29/09/2018,18/09/2018, , ,ANNUAL GENERAL MEETING   
SM,JALAN,Jalan Transolu. India Ltd, ,23/09/2018,29/09/2018,19/09/2018, , ,ANNUAL GENERAL MEETING   
SM,PULZ,Pulz Electronics Limited, ,23/09/2018,29/09/2018,19/09/2018, , ,ANNUAL GENERAL MEETING   
SM,PANSARI,Pansari Developers Ltd., ,25/09/2018,29/09/2018,21/09/2018, , ,ANNUAL GENERAL MEETING   
SM,GRETEX,Gretex Industries Ltd., ,21/09/2018,29/09/2018,18/09/2018, , ,ANNUAL GENERAL MEETING   
SM,MPTODAY,M P Today Media Limited, ,23/09/2018,29/09/2018,19/09/2018, , ,ANNUAL GENERAL MEETING   
SM,ACCORD,Accord Synergy Limited, ,23/09/2018,29/09/2018,19/09/2018, , ,ANNUAL GENERAL MEETING   
SM,CADSYS,Cadsys (India) Limited, ,20/09/2018,29/09/2018,18/09/2018, , ,AGM/DIV-RE 1 PER SH      
SM,CMMIPL,CMM Infraprojects Limited, ,22/09/2018,29/09/2018,19/09/2018, , ,ANNUAL GENERAL MEETING   
SM,FELIX,Felix Industries Ltd., ,21/09/2018,29/09/2018,18/09/2018, , ,ANNUAL GENERAL MEETING   
SM,PROLIFE,Prolife Industries Ltd, ,23/09/2018,29/09/2018,19/09/2018, , ,AGM/DIV-RE 0.25 PER SHARE
SM,CREATIVE,Creative Peri & Dist Ltd., ,15/09/2018,29/09/2018,12/09/2018, , ,AGM/DIV-RE 0.50 PER SH   
SM,AGROPHOS,Agro Phos India Limited, ,26/09/2018,29/09/2018,24/09/2018, , ,AGM/DIV-RE 0.05 PER SHARE
SM,AURDIS,Aurangabad Distillery Ltd, ,22/09/2018,29/09/2018,19/09/2018, , ,ANNUAL GENERAL MEETING   
SQ,SERVOTECH,Servotech Power Sys Ltd., ,20/09/2018,29/09/2018,18/09/2018, , ,ANNUAL GENERAL MEETING   
SQ,AURDIS,Aurangabad Distillery Ltd, ,22/09/2018,29/09/2018,19/09/2018, , ,ANNUAL GENERAL MEETING   
SQ,SIKKO,Sikko Industries Limited, ,22/09/2018,29/09/2018,19/09/2018, , ,ANNUAL GENERAL MEETING   
SQ,SRIRAM,Shri Ram Switchgears Ltd, ,22/09/2018,29/09/2018,19/09/2018, , ,ANNUAL GENERAL MEETING   
SQ,MOKSH,Moksh Ornaments Limited, ,21/09/2018,29/09/2018,18/09/2018, , ,ANNUAL GENERAL MEETING   
SQ,AAKASH,Aakash Exploration Ser L, ,21/09/2018,29/09/2018,18/09/2018, , ,ANNUAL GENERAL MEETING   
SQ,BANKA,Banka BioLoo Limited, ,22/09/2018,29/09/2018,19/09/2018, , ,ANNUAL GENERAL MEETING   
SQ,MITTAL,Mittal Life Style Limited, ,23/09/2018,29/09/2018,19/09/2018, , ,ANNUAL GENERAL MEETING   
SQ,MDL,Marvel Decor Limited, ,22/09/2018,29/09/2018,19/09/2018, , ,ANNUAL GENERAL MEETING   
SQ,AVONMPL,Avon Moldplast Limited, ,22/09/2018,29/09/2018,19/09/2018, , ,ANNUAL GENERAL MEETING   
SQ,GIRIRAJ,Giriraj Civil Devp Ltd, ,21/09/2018,29/09/2018,18/09/2018, , ,ANNUAL GENERAL MEETING   
SQ,MAHICKRA,Mahickra Chemical Limited, ,22/09/2018,29/09/2018,19/09/2018, , ,ANNUAL GENERAL MEETING   
SQ,VERA,Vera Synthetic Limited, ,22/09/2018,29/09/2018,19/09/2018, , ,ANNUAL GENERAL MEETING   
SQ,SRPL,Shree Ram Proteins Ltd., ,25/09/2018,29/09/2018,21/09/2018, , ,ANNUAL GENERAL MEETING   
SQ,SILLYMONKS,Silly Monks Entertain Ltd, ,22/09/2018,29/09/2018,19/09/2018, , ,ANNUAL GENERAL MEETING   
SQ,SUULD,Suumaya Lifestyle Limited, ,23/09/2018,29/09/2018,19/09/2018, , ,ANNUAL GENERAL MEETING   
SQ,SVLL,Shree Vasu Logistics Ltd, ,23/09/2018,29/09/2018,19/09/2018, , ,ANNUAL GENERAL MEETING   
SQ,PIGL,Power Instrument (G) Ltd, ,22/09/2018,29/09/2018,19/09/2018, , ,ANNUAL GENERAL MEETING   
SQ,PERFECT,Perfect Infraengineer Ltd, ,22/09/2018,29/09/2018,19/09/2018, , ,ANNUAL GENERAL MEETING   
SQ,UNITEDPOLY,United Polyfab Guj. Ltd., ,22/09/2018,29/09/2018,19/09/2018, , ,ANNUAL GENERAL MEETING   
SQ,HECPROJECT,HEC Infra Projects Ltd., ,24/09/2018,29/09/2018,19/09/2018, , ,AGM/DIV-RE 1 PER SHARE   
SQ,HECPROJECT,HEC Infra Projects Ltd., ,24/09/2018,29/09/2018,19/09/2018, , ,AGM/DIV-RE 1 PER SHARE   
SQ,GOLDSTAR,Goldstar Power Limited, ,22/09/2018,29/09/2018,19/09/2018, , ,ANNUAL GENERAL MEETING   
SQ,VAISHALI,VAISHALI PHARMA LIMITED, ,21/09/2018,29/09/2018,18/09/2018, , ,ANNUAL GENERAL MEETING   
SQ,JALAN,Jalan Transolu. India Ltd, ,23/09/2018,29/09/2018,19/09/2018, , ,ANNUAL GENERAL MEETING   
SQ,TRANSWIND,Transwind Infra Limited, ,22/09/2018,29/09/2018,19/09/2018, , ,ANNUAL GENERAL MEETING   
SQ,PULZ,Pulz Electronics Limited, ,23/09/2018,29/09/2018,19/09/2018, , ,ANNUAL GENERAL MEETING   
SQ,PANSARI,Pansari Developers Ltd., ,25/09/2018,29/09/2018,21/09/2018, , ,ANNUAL GENERAL MEETING   
SQ,GRETEX,Gretex Industries Ltd., ,21/09/2018,29/09/2018,18/09/2018, , ,ANNUAL GENERAL MEETING   
SQ,ACCORD,Accord Synergy Limited, ,23/09/2018,29/09/2018,19/09/2018, , ,ANNUAL GENERAL MEETING   
SQ,MPTODAY,M P Today Media Limited, ,23/09/2018,29/09/2018,19/09/2018, , ,ANNUAL GENERAL MEETING   
SQ,CADSYS,Cadsys (India) Limited, ,20/09/2018,29/09/2018,18/09/2018, , ,AGM/DIV-RE 1 PER SH      
SQ,CMMIPL,CMM Infraprojects Limited, ,22/09/2018,29/09/2018,19/09/2018, , ,ANNUAL GENERAL MEETING   
SQ,FELIX,Felix Industries Ltd., ,21/09/2018,29/09/2018,18/09/2018, , ,ANNUAL GENERAL MEETING   
SQ,PROLIFE,Prolife Industries Ltd, ,23/09/2018,29/09/2018,19/09/2018, , ,AGM/DIV-RE 0.25 PER SHARE
SQ,CREATIVE,Creative Peri & Dist Ltd., ,15/09/2018,29/09/2018,12/09/2018, , ,AGM/DIV-RE 0.50 PER SH   
SQ,AGROPHOS,Agro Phos India Limited, ,26/09/2018,29/09/2018,24/09/2018, , ,AGM/DIV-RE 0.05 PER SHARE
SQ,SHANTI,Shanti Overseas (Ind) Ltd, ,22/09/2018,29/09/2018,19/09/2018, , ,AGM/DIV-RE 0.50 PER SH   
ST,SERVOTECH,Servotech Power Sys Ltd., ,20/09/2018,29/09/2018,18/09/2018, , ,ANNUAL GENERAL MEETING   
ST,AURDIS,Aurangabad Distillery Ltd, ,22/09/2018,29/09/2018,19/09/2018, , ,ANNUAL GENERAL MEETING   
ST,SIKKO,Sikko Industries Limited, ,22/09/2018,29/09/2018,19/09/2018, , ,ANNUAL GENERAL MEETING   
ST,SRIRAM,Shri Ram Switchgears Ltd, ,22/09/2018,29/09/2018,19/09/2018, , ,ANNUAL GENERAL MEETING   
ST,MOKSH,Moksh Ornaments Limited, ,21/09/2018,29/09/2018,18/09/2018, , ,ANNUAL GENERAL MEETING   
ST,AAKASH,Aakash Exploration Ser L, ,21/09/2018,29/09/2018,18/09/2018, , ,ANNUAL GENERAL MEETING   
ST,BANKA,Banka BioLoo Limited, ,22/09/2018,29/09/2018,19/09/2018, , ,ANNUAL GENERAL MEETING   
ST,MITTAL,Mittal Life Style Limited, ,23/09/2018,29/09/2018,19/09/2018, , ,ANNUAL GENERAL MEETING   
ST,MDL,Marvel Decor Limited, ,22/09/2018,29/09/2018,19/09/2018, , ,ANNUAL GENERAL MEETING   
ST,AVONMPL,Avon Moldplast Limited, ,22/09/2018,29/09/2018,19/09/2018, , ,ANNUAL GENERAL MEETING   
ST,GIRIRAJ,Giriraj Civil Devp Ltd, ,21/09/2018,29/09/2018,18/09/2018, , ,ANNUAL GENERAL MEETING   
ST,MAHICKRA,Mahickra Chemical Limited, ,22/09/2018,29/09/2018,19/09/2018, , ,ANNUAL GENERAL MEETING   
ST,VERA,Vera Synthetic Limited, ,22/09/2018,29/09/2018,19/09/2018, , ,ANNUAL GENERAL MEETING   
ST,SRPL,Shree Ram Proteins Ltd., ,25/09/2018,29/09/2018,21/09/2018, , ,ANNUAL GENERAL MEETING   
ST,SILLYMONKS,Silly Monks Entertain Ltd, ,22/09/2018,29/09/2018,19/09/2018, , ,ANNUAL GENERAL MEETING   
ST,SUULD,Suumaya Lifestyle Limited, ,23/09/2018,29/09/2018,19/09/2018, , ,ANNUAL GENERAL MEETING   
ST,SVLL,Shree Vasu Logistics Ltd, ,23/09/2018,29/09/2018,19/09/2018, , ,ANNUAL GENERAL MEETING   
ST,PIGL,Power Instrument (G) Ltd, ,22/09/2018,29/09/2018,19/09/2018, , ,ANNUAL GENERAL MEETING   
ST,PERFECT,Perfect Infraengineer Ltd, ,22/09/2018,29/09/2018,19/09/2018, , ,ANNUAL GENERAL MEETING   
ST,UNITEDPOLY,United Polyfab Guj. Ltd., ,22/09/2018,29/09/2018,19/09/2018, , ,ANNUAL GENERAL MEETING   
ST,HECPROJECT,HEC Infra Projects Ltd., ,24/09/2018,29/09/2018,19/09/2018, , ,AGM/DIV-RE 1 PER SHARE   
ST,HECPROJECT,HEC Infra Projects Ltd., ,24/09/2018,29/09/2018,19/09/2018, , ,AGM/DIV-RE 1 PER SHARE   
ST,GOLDSTAR,Goldstar Power Limited, ,22/09/2018,29/09/2018,19/09/2018, , ,ANNUAL GENERAL MEETING   
ST,JALAN,Jalan Transolu. India Ltd, ,23/09/2018,29/09/2018,19/09/2018, , ,ANNUAL GENERAL MEETING   
ST,VAISHALI,VAISHALI PHARMA LIMITED, ,21/09/2018,29/09/2018,18/09/2018, , ,ANNUAL GENERAL MEETING   
ST,TRANSWIND,Transwind Infra Limited, ,22/09/2018,29/09/2018,19/09/2018, , ,ANNUAL GENERAL MEETING   
ST,PULZ,Pulz Electronics Limited, ,23/09/2018,29/09/2018,19/09/2018, , ,ANNUAL GENERAL MEETING   
ST,PANSARI,Pansari Developers Ltd., ,25/09/2018,29/09/2018,21/09/2018, , ,ANNUAL GENERAL MEETING   
ST,GRETEX,Gretex Industries Ltd., ,21/09/2018,29/09/2018,18/09/2018, , ,ANNUAL GENERAL MEETING   
ST,ACCORD,Accord Synergy Limited, ,23/09/2018,29/09/2018,19/09/2018, , ,ANNUAL GENERAL MEETING   
ST,MPTODAY,M P Today Media Limited, ,23/09/2018,29/09/2018,19/09/2018, , ,ANNUAL GENERAL MEETING   
ST,CADSYS,Cadsys (India) Limited, ,20/09/2018,29/09/2018,18/09/2018, , ,AGM/DIV-RE 1 PER SH      
ST,CMMIPL,CMM Infraprojects Limited, ,22/09/2018,29/09/2018,19/09/2018, , ,ANNUAL GENERAL MEETING   
ST,FELIX,Felix Industries Ltd., ,21/09/2018,29/09/2018,18/09/2018, , ,ANNUAL GENERAL MEETING   
ST,PROLIFE,Prolife Industries Ltd, ,23/09/2018,29/09/2018,19/09/2018, , ,AGM/DIV-RE 0.25 PER SHARE
ST,CREATIVE,Creative Peri & Dist Ltd., ,15/09/2018,29/09/2018,12/09/2018, , ,AGM/DIV-RE 0.50 PER SH   
ST,AGROPHOS,Agro Phos India Limited, ,26/09/2018,29/09/2018,24/09/2018, , ,AGM/DIV-RE 0.05 PER SHARE
ST,SHANTI,Shanti Overseas (Ind) Ltd, ,22/09/2018,29/09/2018,19/09/2018, , ,AGM/DIV-RE 0.50 PER SH   
U1,IRFC,BOND 8.00% PA Tax Free S1,01/10/2018, , ,28/09/2018, , ,INTEREST PAYMENT         
U1,PFC,7.35% Tax Free NCD,01/10/2018, , ,28/09/2018, , ,INTEREST PAYMENT         
U1,DHFL,Sec Red NCD 8.74% Sr. 1A,01/10/2018, , ,28/09/2018, , ,INTEREST PAYMENT         
U2,IRFC,BOND 8.10% PA Tax Free S2,01/10/2018, , ,28/09/2018, , ,INTEREST PAYMENT         
U2,DHFL,Sec Red NCD 8.83% Sr. 1B,01/10/2018, , ,28/09/2018, , ,INTEREST PAYMENT         
U3,DHFL,Sec Red NCD 8.74% Sr. 2A,01/10/2018, , ,28/09/2018, , ,INTEREST PAYMENT         
U3,IRFC,7.18 NCD 19FEB23 Tr1 Sr1,01/10/2018, , ,28/09/2018, , ,INTEREST PAYMENT         
U3,PFC,7.60% Tax Free NCD,01/10/2018, , ,28/09/2018, , ,INTEREST PAYMENT         
U4,IRFC,7.34 NCD 19FEB28 Tr1 Sr2,01/10/2018, , ,28/09/2018, , ,INTEREST PAYMENT         
U4,PFC,8.20% Tax Free NCD,29/09/2018, , ,27/09/2018, , ,INTEREST PAYMENT         
U4,PFC,8.20% Tax Free NCD,29/09/2018, , ,27/09/2018, , ,INTEREST PAYMENT         
U4,DHFL,Sec Red NCD 8.88% Sr. 2B,01/10/2018, , ,28/09/2018, , ,INTEREST PAYMENT         
U5,IRFC,BOND 6.88% PA Tax Free S1,01/10/2018, , ,28/09/2018, , ,INTEREST PAYMENT         
U5,PFC,8.30% Tax Free NCD,29/09/2018, , ,27/09/2018, , ,INTEREST PAYMENT         
U5,PFC,8.30% Tax Free NCD,29/09/2018, , ,27/09/2018, , ,INTEREST PAYMENT         
U5,DHFL,Sec Red NCD 8.74% Sr. 3A,01/10/2018, , ,28/09/2018, , ,INTEREST PAYMENT         
U5,EHFLNCD,Sec Red NCD 9.57% Sr. V,25/10/2018, , ,24/10/2018, , ,INTEREST PAYMENT         
U6,DHFL,Sec Red NCD 8.93% Sr. 3B,01/10/2018, , ,28/09/2018, , ,INTEREST PAYMENT         
U6,IRFC,BOND 7.04% PA Tax Free S2,01/10/2018, , ,28/09/2018, , ,INTEREST PAYMENT         
U7,SREIBNPNCD,9.75% SRNCD Sr VII,23/10/2018, , ,22/10/2018, , ,INTEREST PAYMENT         
U8,IBULHSGFIN,Sec Red NCD 8.65% Sr. V,16/10/2018, , ,15/10/2018, , ,INTEREST PAYMENT         
UA,HUDCO,8.14% Tax FreeTrI Sr1A,03/10/2018, , ,01/10/2018, , ,INTEREST PAYMENT         
UB,HUDCO,8.51% Tax FreeTrI Sr2A,03/10/2018, , ,01/10/2018, , ,INTEREST PAYMENT         
UB,ICICI1199,ICIC1199-MULTI2-6T-18,29/09/2018, , ,27/09/2018, , ,INTEREST/REDEMPTION      
UC,IBULHSGFIN,Uns Red NCD 8.79% Sr.VIII,16/10/2018, , ,15/10/2018, , ,INTEREST PAYMENT         
UC,SREIBNPNCD,8.90% SRNCD Sr II A,24/10/2018, , ,23/10/2018, , ,INTEREST PAYMENT         
UD,SREIBNPNCD,9.12% SRNCD Sr II B,24/10/2018, , ,23/10/2018, , ,INTEREST PAYMENT         
UD,HUDCO,8.76% Tax FreeTrI Sr2B,03/10/2018, , ,01/10/2018, , ,INTEREST PAYMENT         
UF,IRFC,Tax Free 7.07% Sr. 102,01/10/2018, , ,28/09/2018, , ,INTEREST PAYMENT         
UF,MUTHOOTFIN,9.25% Secured NCD,01/10/2018, , , , , ,INT  PAYMENT/ REDEMPTION 
UG,IRFC,Tax Free  7.28% Sr. 103,01/10/2018, , ,28/09/2018, , ,INTEREST PAYMENT         
UH,IRFC,Tax Free  7.25% Sr. 104,01/10/2018, , ,28/09/2018, , ,INTEREST PAYMENT         
UI,IRFC,Tax Free  7.32% Sr. 102 A,01/10/2018, , ,28/09/2018, , ,INTEREST PAYMENT         
UI,SREIBNPNCD,9.11% SRNCD Sr V A,24/10/2018, , ,23/10/2018, , ,INTEREST PAYMENT         
UI,SREINFRA,10.94% SEC RED NCD SR VI,01/10/2018, , ,28/09/2018, , ,INTEREST PAYMENT         
UJ,IRFC,Tax Free  7.53% Sr. 103 A,01/10/2018, , ,28/09/2018, , ,INTEREST PAYMENT         
UJ,SREINFRA,11.16% SEC RED NCD SR VI,01/10/2018, , ,28/09/2018, , ,INTEREST PAYMENT         
UJ,SREIBNPNCD,9.35% SRNCD Sr V B,24/10/2018, , ,23/10/2018, , ,INTEREST PAYMENT         
UK,IRFC,Tax Free  7.50% Sr. 104 A,01/10/2018, , ,28/09/2018, , ,INTEREST PAYMENT         
UL,IRFC,Tax Free 7.04% Sr. 107,01/10/2018, , ,28/09/2018, , ,INTEREST PAYMENT         
UM,IRFC,Tax Free  7.35% Sr. 108,01/10/2018, , ,28/09/2018, , ,INTEREST PAYMENT         
UN,IRFC,Tax Free  7.29% Sr. 107A,01/10/2018, , ,28/09/2018, , ,INTEREST PAYMENT         
UO,SREIBNPNCD,Uns Red NCD 9.25% Sr. I,15/11/2018, , ,14/11/2018, , ,INTEREST PAYMENT         
UO,IRFC,Tax Free  7.64% Sr. 108A,01/10/2018, , ,28/09/2018, , ,INTEREST PAYMENT         
UO,SREIBNPNCD,Uns Red NCD 9.25% Sr. I,15/10/2018, , ,12/10/2018, , ,INTEREST PAYMENT         
UQ,SREINFRA,BOND 10.95% PASNSIVC-I&II,23/10/2018, , ,22/10/2018, , ,INTEREST PAYMENT         
UR,SREIBNPNCD,Uns Red NCD 9.35% Sr. IV,15/10/2018, , ,12/10/2018, , ,INTEREST PAYMENT         
UR,SREIBNPNCD,Uns Red NCD 9.35% Sr. IV,15/11/2018, , ,14/11/2018, , ,INTEREST PAYMENT         
UR,SREINFRA,BOND 11.40% PA SNSIVC-III,23/10/2018, , ,22/10/2018, , ,INTEREST PAYMENT         
UU,SREIBNPNCD,Uns Red NCD 9.50% Sr. VII,15/11/2018, , ,14/11/2018, , ,INTEREST PAYMENT         
UU,SREIBNPNCD,Uns Red NCD 9.50% Sr. VII,15/10/2018, , ,12/10/2018, , ,INTEREST PAYMENT         
W2,HDFC,Housing Development Finan,01/10/2018, , , , , ,CONVERSION INTO EQUITY   
Y2,SRTRANSFIN,10.75% Sec Red NCD SII,05/10/2018, , , , , ,INT PAYMENT/REDEMPTION   
Y5,SRTRANSFIN,Sec Red NCD SV,05/10/2018, , , , , ,INTEREST/ REDEMPTION     
YA,SRTRANSFIN,BOND 9.57% PA SRN S-IV,13/11/2018, , ,12/11/2018, , ,INTEREST PAYMENT         
YA,SRTRANSFIN,BOND 9.57% PA SRN S-IV,13/10/2018, , ,11/10/2018, , ,INTEREST PAYMENT         
YB,SRTRANSFIN,BOND 9.71% PA SRN S-V,13/11/2018, , ,12/11/2018, , ,INTEREST PAYMENT         
YB,SRTRANSFIN,BOND 9.71% PA SRN S-V,13/10/2018, , ,11/10/2018, , ,INTEREST PAYMENT         
YH,SRTRANSFIN,Sec Red NCD 8.93% Sr. I,26/11/2018, , ,22/11/2018, , ,INTEREST PAYMENT         
YH,SRTRANSFIN,Sec Red NCD 8.93% Sr. I,27/10/2018, , ,25/10/2018, , ,INTEREST PAYMENT         
YI,SRTRANSFIN,Sec Red NCD 9.03% Sr. II,26/11/2018, , ,22/11/2018, , ,INTEREST PAYMENT         
YI,SRTRANSFIN,Sec Red NCD 9.03% Sr. II,27/10/2018, , ,25/10/2018, , ,INTEREST PAYMENT         

