SYMBOL,SERIES,SECURITY,HIGH/LOW,INDEX FLAG
ADHUNIK,BE,ADHUNIK METALIKS LTD.,H
AIONJSW,BE,MONNET ISPAT & ENERGY LTD,H
ALOKTEXT,BE,ALOK INDUSTRIES LTD,H
ALPSINDUS,BE,ALPS INDUSTRIES LTD.,H
APEX,EQ,APEX FROZEN FOODS LIMITED,H
ARENTERP,EQ,RAJDARSHAN INDUSTRIES LTD,H
BILENERGY,BE,BIL ENERGY SYSTEMS LTD,H
BURNPUR,BE,BURNPUR CEMENT LTD.,H
CASTEXTECH,EQ,CASTEX TECHNOLOGIES LTD.,H
CEREBRAINT,EQ,CEREBRA INT TECH LTD,H
CINEVISTA,BE,CINEVISTA LIMITED,H
COUNCODOS,EQ,COUNTRY CONDO'S LIMITED,H
DIAPOWER,BZ,DIAMOND POWER INFRA LTD,H
ESSDEE,EQ,ESS DEE ALUM LTD,H
EXCEL,EQ,EXCEL REALTY N INFRA LTD,H
FCSSOFT,EQ,FCS SOFTWARE SOLN. LTD.,H
FLEXITUFF,BE,FLEXITUFF INTER LIMITED,H
GALLISPAT,EQ,GALLANTT ISPAT LTD,H
GANGOTRI,BZ,GANGOTRI TEXTILES LTD.,H
GAYAHWS,EQ,GAYATRI HIGHWAYS LIMITED,H
GOACARBON,EQ,GOA CARBON LIMITED,H
GOENKA,BZ,GOENKA DIAMOND&JEWELS LTD,H
GOLDENTOBC,BE,GOLDEN TOBACCO LIMITED,H
GOLDTECH,EQ,GOLDSTONE TECHNOLOGIES LT,H
GRAPHITE,EQ,GRAPHITE INDIA LTD,H
GTNIND,BE,GTN INDUSTRIES LIMITED,H
HAVISHA,BE,SRI HAVISHA HOSP & INFR L,H
HBSL,BE,HB STOCKHOLDINGS LIMITED,H
ICSA,BE,ICSA (INDIA) LIMITED,H
IITL,EQ,INDUSTRIAL INV TRUST LTD,H
INDSWFTLTD,BE,IND-SWIFT LIMITED,H
ISMTLTD,EQ,ISMT LIMITED,H
IVRCLINFRA,BE,IVRCL LIMITED,H
JAIBALAJI,BE,JAI BALAJI INDUSTRIES LTD,H
JAINSTUDIO,BE,JAIN STUDIOS LIMITED,H
JITFINFRA,BE,JITF INFRALOGISTICS LTD,H
JPINFRATEC,BE,JAYPEE INFRATECH LTD,H
KGL,BE,KARUTURI GLOBAL LIMITED,H
KSERASERA,BE,KSS LIMITED,H
LAKSHMIEFL,BZ,LAKSHMI ENG. & FOODS LTD,H
LASA,EQ,LASA SUPERGENERICS LTD,H
LIBAS,SM,LIBAS DESIGNS LIMITED,H
LPDC,EQ,LANDMARK PR.DEV.CO.LTD,H
METKORE,BE,METKORE ALLOYS & IND LTD,H
MIC,EQ,MIC ELECTRONICS LIMITED,H
MOHITIND,EQ,MOHIT INDUSTRIES LTD,H
MVL,EQ,MVL LIMITED,H
OISL,BE,OCL IRON AND STEEL LTD,H
PEARLPOLY,BE,PEARL POLYMERS LTD,H
PRADIP,BE,PRADIP OVERSEAS LTD,H
PRAKASHCON,EQ,PRAKASH CONSTROWELL LTD,H
PRAKASHSTL,BE,PRAKASH STEELAGE LTD,H
PROSEED,BE,PROSEED INDIA LIMITED,H
RAJRAYON,BE,RAJ RAYON INDUSTRIES LTD,H
RAMASTEEL,EQ,RAMA STEEL TUBES LIMITED,H
REFEX,BE,REFEX INDUSTRIES LIMITED,H
RKDL,BE,RAVI KUMAR DIST. LTD.,H
ROHITFERRO,BE,ROHIT FERRO-TECH LIMITED,H
RUCHINFRA,BE,RUCHI INFRASTRUCTURE LTD,H
RUCHISOYA,EQ,RUCHI SOYA INDUSTRIES LTD,H
SHARONBIO,BZ,SHARON BIO-MEDI LTD,H
SHILPI,BZ,SHILPI CABLE TECH LTD,H
SHREERAMA,EQ,SHREE RAMA MULTI TECH LTD,H
SITASHREE,BE,SITA SHREE FOOD PROD LTD,H
SOMATEX,EQ,SOMA TEXTILES & INDUST LT,H
SPCENET,EQ,SPACENET ENTERS IND LTD,H
SPYL,BE,SHEKHAWATI POLY-YARN LTD.,H
SRSLTD,BZ,SRS LIMITED,H
SSINFRA,SM,S S INFRA DEVP CONSL LTD,H
SUMEETINDS,BE,SUMEET IND LIMITED,H
TAINWALCHM,EQ,TAINWALA CHEMICAL AND PLA,H
TARAPUR,EQ,TARAPUR TRANSFORMERS LTD,H
TECHIN,EQ,TECHINDIA NIRMAN LIMITED,H
THOMASCOTT,BE,THOMAS SCOTT (INDIA) LTD,H
TNTELE,BE,TAMILNADU TELECOMMUNICATI,H
TTML,EQ,TATA TELESERV(MAHARASTRA),H
TULSI,BE,TULSI EXTRUSION LTD.,H
UGARSUGAR,BE,THE UGAR SUGAR WORKS LTD,H
VAKRANGEE,EQ,VAKRANGEE LIMITED,H
VASA,SM,VASA RETAIL & OVERSEA LTD,H
VIDEOIND,BZ,VIDEOCON INDUSTRIES LIMIT,H
VIJIFIN,EQ,VIJI FINANCE LIMITED,H
ZENITHBIR,BE,ZENITH BIRLA (INDIA) LTD,H
ZENITHEXPO,BE,ZENITH EXPORTS LTD,H
ZYLOG,BE,ZYLOG SYSTEMS LTD.,H
21STCENMGM,EQ,21ST CENTURY MGMT SERVICE,L
8KMILES,BE,8K MILES SOFT SERV LTD,L
A2ZINFRA,EQ,A2Z INFRA ENGINEERING LTD,L
ABGSHIP,BZ,ABG SHIPYARD LTD,L
ABMINTLTD,BE,ABM INTERNATIONAL LTD,L
ACCORD,SM,ACCORD SYNERGY LIMITED,L
ACE,EQ,ACTION CONST EQUIP LTD,L
ADANIGREEN,EQ,ADANI GREEN ENERGY LTD,L
ADANITRANS,EQ,ADANI TRANSMISSION LTD,L
ADHUNIK,BE,ADHUNIK METALIKS LTD.,L
ADLABS,EQ,ADLABS ENTERTAINMENT LTD.,L
ADROITINFO,BE,ADROIT INFOTECH LIMITED,L
AGARIND,EQ,AGARWAL INDS CORP LTD.,L
AICHAMP,BE,AI CHAMPDANY INDS LTD,L
AIFL,EQ,ASHAPURA INTI FASHION LTD,L
ALCHEM,BE,ALCHEMIST LTD,L
ALMONDZ,BE,ALMONDZ GLOBAL SEC LTD,L
ALOKTEXT,BE,ALOK INDUSTRIES LTD,L
ALPSINDUS,BE,ALPS INDUSTRIES LTD.,L
ANIKINDS,EQ,ANIK INDUSTRIES LTD,L
ANKITMETAL,BE,ANKIT MET & POW LTD,L
ANTGRAPHIC,BE,ANTARCTICA LTD,L
ARCOTECH,BE,ARCOTECH LIMITED,L
ARROWGREEN,EQ,ARROW GREENTECH LIMITED,L
ARSSINFRA,EQ,ARSS INFRA PROJ. LTD,L
ASSAMCO,BE,ASSAM COMPANY INDIA LTD,L
ATLANTA,EQ,ATLANTA LIMITED,L
ATLASCYCLE,BZ,ATLAS CYCLE (HARYANA) LTD,L
AURDIS,SM,AURANGABAD DISTILLERY LTD,L
AVADHSUGAR,EQ,AVADH SUG & ENERGY LTD,L
BAGFILMS,BE,B.A.G FILMS AND MEDIA LTD,L
BAJAJHIND,EQ,BAJAJ HINDUSTHAN SUGAR LT,L
BANSAL,SM,BANSAL MULTIFLEX LIMITED,L
BEDMUTHA,BE,BEDMUTHA INDUST LTD,L
BGLOBAL,BE,BHARATIYA GLOBAL INFO LTD,L
BHAGYANGR,BE,BHAGYANAGAR INDIA LIMITED,L
BHARATIDIL,BZ,BHARATI DEF & INFRA LTD,L
BHARATRAS,EQ,BHARAT RASAYAN LTD,L
BHUSANSTL,EQ,BHUSHAN STEEL LIMITED,L
BILENERGY,BE,BIL ENERGY SYSTEMS LTD,L
BILPOWER,BZ,BILPOWER LIMITED,L
BIOFILCHEM,BE,BIOFIL CHEM & PHARMA LTD.,L
BIRLACABLE,EQ,BIRLA CABLE LIMITED,L
BIRLAMONEY,EQ,ADITYA BIRLA MONEY LTD,L
BKMINDST,EQ,BKM INDUSTRIES LIMITED,L
BLBLIMITED,EQ,BLB LIMITED,L
BLUEBLENDS,EQ,BLUE BLENDS (I) LTD,L
BLUECHIP,BE,BLUE CHIP INDIA LIMITED,L
BOMDYEING,BE,BOM DYEING - DEPO SETT.,L
BRFL,BE,BOMBAY RAYON FASHIONS LTD,L
BSL,EQ,BSL LTD,L
BUTTERFLY,EQ,BTRFLY GANDHI APPL LTD,L
BVCL,BE,BARAK VALLEY CEM. LTD.,L
CALSOFT,BE,CALIFORNIA SOFTWARE CO LT,L
CANDC,EQ,C&C CONST. LTD.,L
CANTABIL,EQ,CANTABIL RETAIL LTD,L
CASTEXTECH,EQ,CASTEX TECHNOLOGIES LTD.,L
CENTRALBK,EQ,CENTRAL BANK OF INDIA,L
CEREBRAINT,EQ,CEREBRA INT TECH LTD,L
CHROMATIC,BE,CHROMATIC INDIA LTD,L
CIGNITITEC,EQ,CIGNITI TECHNOLOGIES LTD,L
CINEVISTA,BE,CINEVISTA LIMITED,L
CMMIPL,SM,CMM INFRAPROJECTS LIMITED,L
COUNCODOS,EQ,COUNTRY CONDO'S LIMITED,L
CUBEXTUB,EQ,CUBEX TUBINGS LTD,L
CYBERMEDIA,EQ,CYBER MEDIA (INDIA) LTD.,L
DALMIASUG,EQ,DALMIA BHARAT SUG IN LTD,L
DELTAMAGNT,BE,DELTA MAGNETS LIMITED,L
DHAMPURSUG,EQ,DHAMPUR SUGAR MILLS LTD.,L
DHARSUGAR,BE,DHARANISUGARS &CHEMICALS,L
DIAPOWER,BZ,DIAMOND POWER INFRA LTD,L
DNAMEDIA,EQ,DILIGENT MEDIA CORP LTD.,L
DWARKESH,EQ,DWARIKESH SUGAR IND LTD,L
ECEIND,EQ,ECE INDUSTRIES LTD.,L
EDL,EQ,EMPEE DISTI. LTD.,L
EDUCOMP,BZ,EDUCOMP SOLUTIONS LTD,L
ELAND,EQ,E-LAND APPAREL LIMITED,L
ELECTROSL,BE,ELECTROSTEEL STEELS LTD,L
EMAMIINFRA,BE,EMAMI INFRASTRUCTURE LTD,L
EMCO,BE,EMCO LIMITED,L
EROSMEDIA,EQ,EROS INTL MEDIA LTD,L
ESSDEE,EQ,ESS DEE ALUM LTD,L
EUROCERA,BE,EURO CERAMICS LTD,L
EXCEL,EQ,EXCEL REALTY N INFRA LTD,L
EXCELINDUS,EQ,EXCEL INDUSTRIES LTD,L
FCL,EQ,FINEOTEX CHEMICAL LIMITED,L
FLEXITUFF,BE,FLEXITUFF INTER LIMITED,L
FOCUS,SM,FOCUS LIGHTG & FIXTRS LTD,L
GAEL,EQ,GUJARAT AMBUJA EXPORTS LT,L
GAL,BE,GYSCOAL ALLOYS LTD,L
GAMMNINFRA,EQ,GAMMON INFRA PROJ LTD.,L
GAYAHWS,EQ,GAYATRI HIGHWAYS LIMITED,L
GEMINI,BZ,GEMINI COMM. LTD,L
GKWLIMITED,EQ,GKW LIMITED,L
GLOBOFFS,EQ,GLOBAL OFFSHORE SERV LTD,L
GLOBUSSPR,EQ,GLOBUS SPIRITS LTD,L
GMBREW,EQ,G M BREWERIES LTD,L
GOLDENTOBC,BE,GOLDEN TOBACCO LIMITED,L
GOLDTECH,EQ,GOLDSTONE TECHNOLOGIES LT,L
GRETEX,SM,GRETEX INDUSTRIES LTD.,L
GROBTEA,BE,THE GROB TEA COMPANY LTD,L
GTLINFRA,BE,GTL INFRA.LTD,L
GTNIND,BE,GTN INDUSTRIES LIMITED,L
GTNTEX,EQ,GTN TEXTILES LIMITED,L
GUJRAFFIA,BE,GUJARAT RAFFIA INDUST LTD,L
GVKPIL,EQ,GVK POW. & INFRA LTD.,L
HANUNG,BE,HANUNG TOYS & TEX LTD,L
HATHWAY,EQ,HATHWAY CABLE & DATACOM,L
HBSL,BE,HB STOCKHOLDINGS LIMITED,L
HDIL,EQ,HOUSING DEV & INFRA LTD,L
HECPROJECT,SM,HEC INFRA PROJECTS LTD.,L
HEXATRADEX,BE,HEXA TRADEX LIMITED,L
HISARMETAL,EQ,HISAR METAL IND. LIMITED,L
HMT,BZ,HMT LTD -,L
IBULISL,BE,INDIABULLS INTEGR SER LTD,L
IBVENTURES,BE,INDIABULLS VENTURES LTD,L
ICSA,BE,ICSA (INDIA) LIMITED,L
IITL,EQ,INDUSTRIAL INV TRUST LTD,L
IMPEXFERRO,BE,IMPEX FERRO TECH LIMITED,L
INDBANK,EQ,INDBANK MERCH BANK,L
INDIAGLYCO,EQ,INDIA GLYCOLS LTD,L
INDOSOLAR,BE,INDOSOLAR LIMITED,L
INDOWIND,EQ,INDOWIND ENERGY LTD,L
INTENTECH,BE,INTENSE TECHNOLOGIES LTD,L
IOLCP,EQ,IOL CHEM AND PHARMA LTD,L
ISFT,EQ,INTRASOFT TECH. LTD,L
ISMTLTD,EQ,ISMT LIMITED,L
IVC,EQ,IL&FS INVESTMENT MANAGERS,L
IVRCLINFRA,BE,IVRCL LIMITED,L
JAYNECOIND,EQ,JAYASWAL NECO INDUSTR LTD,L
JBFIND,BE,JBF INDUS LTD -DEP-LS ML,L
JETKNIT,SM,JET KNITWEARS LTD.,L
JITFINFRA,BE,JITF INFRALOGISTICS LTD,L
JKPAPER,EQ,JK PAPER LIMITED,L
JMTAUTOLTD,BE,JMT AUTO LIMITED,L
JPINFRATEC,BE,JAYPEE INFRATECH LTD,L
JPPOWER,EQ,JAIPRAKASH POWER VEN. LTD,L
JUBLINDS,EQ,JUBILANT INDUSTRIES LTD,L
JVLAGRO,BZ,JVL AGRO INDUSTRIES LTD,L
JYOTISTRUC,BZ,JYOTI STRUCTURES LTD,L
KAUSHALYA,EQ,KAUSHALYA INFRA DEV LTD.,L
KELLTONTEC,EQ,KELLTON TECH SOL LTD,L
KERNEX,BE,KERNEX MICROSYS(I) LTD,L
KESARENT,BE,KESAR ENTERPRISES LTD.,L
KEYCORPSER,EQ,KEYNOTE CORP. SERV. LTD,L
KINGFA,EQ,KINGFA SCI & TEC IND LTD.,L
KIRIINDUS,EQ,KIRI INDUSTRIES LIMITED,L
KMSUGAR,EQ,K M SUGAR MILLS LTD,L
KOTARISUG,BE,KOTHARI SUG & CHEM LTD.,L
KRIDHANINF,EQ,KRIDHAN INFRA LIMITED,L
KSK,BE,KSK ENERGY VENTURES LTD,L
KWALITY,EQ,KWALITY LIMITED,L
LAGNAM,ST,LAGNAM SPINTEX LIMITED,L
LAKSHMIEFL,BZ,LAKSHMI ENG. & FOODS LTD,L
LAKSHVILAS,EQ,LAKSHMI VILAS BANK LTD,L
LASA,EQ,LASA SUPERGENERICS LTD,L
LIBAS,SM,LIBAS DESIGNS LIMITED,L
LSIL,EQ,LLOYDS STEELS IND. LTD.,L
MADHUCON,EQ,MADHUCON PROJECTS LTD.,L
MAGADSUGAR,EQ,MAGADH SUGAR & ENERGY LTD,L
MAHAPEXLTD,BE,MAHA RASHTRA APEX COPR. L,L
MANAV,SM,MANAV INFRA PROJECTS LTD,L
MANDHANA,BE,MANDHANA INDUS. LTD,L
MANGALAM,EQ,MANGALAM DRUG & CHEM LTD,L
MANPASAND,EQ,MANPASAND BEVERAGES LTD.,L
MAWANASUG,BE,MAWANA SUGARS LIMITED,L
MBECL,BE,MCNALLY BH. ENG. CO.LTD,L
METALFORGE,BE,METALYST FORGINGS LIMITED,L
METKORE,BE,METKORE ALLOYS & IND LTD,L
MIC,EQ,MIC ELECTRONICS LIMITED,L
MIRCELECTR,EQ,MIRC ELECTRONICS LTD,L
MOHITIND,EQ,MOHIT INDUSTRIES LTD,L
MOREPENLAB,EQ,MOREPEN LAB. LTD,L
MOSERBAER,BZ,MOSER-BAER (I) LTD,L
MPTODAY,SM,M P TODAY MEDIA LIMITED,L
MUKTAARTS,EQ,MUKTA ARTS LIMITED,L
MVL,EQ,MVL LIMITED,L
NAGREEKCAP,EQ,NAGREEKA CAP & INFR.LTD,L
NANDANI,SM,NANDANI CREATION LIMITED,L
NATNLSTEEL,BZ,NATIONAL STEEL & AGRO IND,L
NELCO,EQ,NELCO LTD,L
NEXTMEDIA,EQ,NEXT MEDIAWORKS LIMITED,L
NIBL,BE,NRB INDUS. BEARINGS LTD.,L
NITESHEST,EQ,NITESH ESTATES LTD,L
NITINFIRE,EQ,NITIN FIRE PROT IND. LTD.,L
NKIND,EQ,NK INDUSTRIES LTD,L
NTL,BE,NEUEON TOWERS LIMITED,L
OISL,BE,OCL IRON AND STEEL LTD,L
OLECTRA,BE,OLECTRA GREENTECH LIMITED,L
OMAXAUTO,EQ,OMAX AUTOS LTD,L
OMKARCHEM,EQ,OMKAR SPL CHEM LTD,L
ONELIFECAP,EQ,ONELIFE CAP ADVISORS LTD,L
OPTIEMUS,BE,OPTIEMUS INFRACOM LTD,L
OPTOCIRCUI,BE,OPTO CIRCUITS (I) LTD,L
ORCHIDPHAR,BZ,ORCHID PHARMA LIMITED,L
PBAINFRA,BE,PBA INFRASTRUCTURE LTD.,L
PDPL,EQ,PARENTERAL DRUGS LTD,L
PEARLPOLY,BE,PEARL POLYMERS LTD,L
PETRONENGG,BE,PETRON ENGG CONSTRUCT LTD,L
PILITA,EQ,PIL ITALICA LIFESTYLE LTD,L
PIONDIST,EQ,PIONEER DIST LTD,L
PIRPHYTO,BE,PIRAMAL PHYTOCARE LIMITED,L
PRADIP,BE,PRADIP OVERSEAS LTD,L
PRAENG,BE,PRAJAY ENG. SYN. LTD.,L
PRAKASH,EQ,PRAKASH INDUSTRIES LTD,L
PRATIBHA,BZ,PRATIBHA INDS. LTD,L
PRAXIS,EQ,PRAXIS HOME RETAIL LTD,L
PRECOT,BE,PRECOT MERIDIAN LIMITED,L
PROSEED,BE,PROSEED INDIA LIMITED,L
PSL,EQ,PSL LIMITED,L
PUSHPREALM,SM,PUSHPA REAL AND INFRA LTD,L
RADICO,EQ,RADICO KHAITAN LTD,L
RAIN,BE,RAIN INDUSTRIES LIMITED,L
RAINBOWPAP,BE,RAINBOW PAPERS LTD,L
RAJRAYON,BE,RAJ RAYON INDUSTRIES LTD,L
RAJSREESUG,BE,RAJSHREESUGARS LTD,L
RAMASTEEL,EQ,RAMA STEEL TUBES LIMITED,L
RAMGOPOLY,BE,RAMGOPAL POLYTEX LIMITED,L
RAMKY,EQ,RAMKY INFRA LTD,L
RANASUG,BE,RANA SUGARS LTD.,L
REMSONSIND,EQ,REMSONS INDUSTRIES LTD,L
RENUKA,EQ,SHREE RENUKA SUGARS LTD,L
RKDL,BE,RAVI KUMAR DIST. LTD.,L
RNAVAL,EQ,RELIANCE NAVAL & ENGG LTD,L
ROHITFERRO,BE,ROHIT FERRO-TECH LIMITED,L
ROLLT,EQ,ROLLATAINERS LIMITED,L
ROLTA,EQ,ROLTA INDIA LTD,L
RTNINFRA,EQ,RATTANINDIA INFRA LIMITED,L
SABTN,BE,SRI ADHIKARI BROS.,L
SAKHTISUG,BE,SAKHTISUG SUGARS LTD,L
SALONA,EQ,SALONA COTSPIN LTD.,L
SANGHVIFOR,BE,SANGHVI FOR & ENG LTD,L
SANGINITA,SM,SANGINITA CHEMICALS LTD,L
SEAMECLTD,EQ,SEAMEC LIMITED,L
SECURCRED,SM,SECUR CREDENTIALS LIMITED,L
SEQUENT,EQ,SEQUENT SCIENTIFIC LTD.,L
SGL,EQ,STL GLOBAL LIMITED,L
SHAHALLOYS,EQ,SHAH ALLOYS LIMITED,L
SHARONBIO,BZ,SHARON BIO-MEDI LTD,L
SHILPI,BZ,SHILPI CABLE TECH LTD,L
SHREERAMA,EQ,SHREE RAMA MULTI TECH LTD,L
SHYAMTEL,EQ,SHYAM TELECOM LIMITED,L
SIMBHALS,BE,SIMBHAOLI SUGARS LTD.,L
SKMEGGPROD,EQ,SKM EGG PROD EXPORT(I) LT,L
SKSTEXTILE,SM,S K S TEXTILES LIMITED,L
SMPL,BE,SPLENDID METAL PRODUCTS L,L
SOLARA,EQ,SOLARA ACTIVE PHA SCI LTD,L
SOMATEX,EQ,SOMA TEXTILES & INDUST LT,L
SORILINFRA,BE,SORIL INFRA RESOURCES LTD,L
SPENTEX,BE,SPENTEX IND. LTD,L
SPLIL,EQ,SPL INDUSTRIES LIMITED,L
SRIRAM,SM,SHRI RAM SWITCHGEARS LTD,L
STAMPEDE,EQ,STAMPEDE CAPITAL LTD,L
STEELXIND,BE,STEEL EXCHANGE INDIA LTD,L
STEL,BE,STEL HOLDINGS LIMITED,L
SUJANAUNI,EQ,SUJANA UNI. INDS. LTD.,L
SUMEETINDS,BE,SUMEET IND LIMITED,L
SUNILHITEC,BE,SUNIL HITECH ENGR. LTD,L
SUPERSPIN,BE,SUPER SPINNING MILLS LTD,L
SUPREMEINF,EQ,SUPREME INFRA. LTD.,L
TALWALKARS,EQ,TALWALKAR FITNESS LTD,L
TANTIACONS,BE,TANTIA CONST LTD,L
TARAJEWELS,BE,TARA JEWELS LIMITED,L
TATASTEEL,E1,TATASTEEL RS.2.504 PPD UP,L
TECHIN,EQ,TECHINDIA NIRMAN LIMITED,L
TEXMOPIPES,BE,TEXMO PIPE & PRODUCTS LTD,L
TFL,BE,TRANSWARRANTY FIN. LTD.,L
TGBHOTELS,EQ,TGB BANQUETS&HOTELS LTD,L
TIJARIA,EQ,TIJARIA POLYPIPES LTD,L
TIMESGTY,BE,TIMES GUARANTY LIMITED,L
TODAYS,BZ,TODAYS WRITING INSTRUMENT,L
TOUCHWOOD,SM,TOUCHWOOD ENTERTAIN LTD.,L
TREEHOUSE,EQ,TREE HOUSE EDU LTD,L
TRIVENI,EQ,TRIVENI ENGG. & INDS. LTD,L
TULSI,BE,TULSI EXTRUSION LTD.,L
TVSELECT,EQ,TVS ELECTRONICS LTD,L
TVVISION,BE,TV VISION LIMITED,L
UGARSUGAR,BE,THE UGAR SUGAR WORKS LTD,L
USHERAGRO,BE,USHER AGRO LTD,L
UTTAMSTL,EQ,UTTAM GALVA STEELS LTD,L
UTTAMSUGAR,EQ,UTTAM SUGAR MILLS LTD.,L
UVSL,BE,UTTAM VALUE STEELS LTD,L
VAKRANGEE,EQ,VAKRANGEE LIMITED,L
VASA,SM,VASA RETAIL & OVERSEA LTD,L
VICEROY,EQ,VICEROY HOTELS LIMITED,L
VIJIFIN,EQ,VIJI FINANCE LIMITED,L
VIJSHAN,EQ,VIJAY SHANTHI BUILD LTD,L
VINDHYATEL,EQ,VINDHYA TELELINKS LTD,L
VIPIND,EQ,VIP INDUSTRIES LTD,L
VISASTEEL,BE,VISA STEEL LIMITED,L
VISESHINFO,EQ,VISESH INFOTECNICS LTD,L
VIVIDHA,EQ,VISAGAR POLYTEX LTD,L
VMART,EQ,VMART RETAIL LTD,L
VSCL,SM,VADIVARHE SPCLTY CHEM LTD,L
WANBURY,BE,WANBURY LIMITED,L
WEBELSOLAR,EQ,WEBSOL ENERGY SYSTEM LTD,L
WELINV,EQ,WELSPUN INV & COMM LTD,L
WINDMACHIN,EQ,WINDSOR MACHINES LIMITED,L
WINSOME,EQ,WINSOME YARNS LIMITED,L
WSI,BE,W.S.INDUSTRIES (I) LTD.,L
ZENITHBIR,BE,ZENITH BIRLA (INDIA) LTD,L
ZENITHEXPO,BE,ZENITH EXPORTS LTD,L
ZYLOG,BE,ZYLOG SYSTEMS LTD.,L
