GAIN_LOSS,SECURITY,CLOSE_PRIC,PREV_CL_PR,PERCENT_CG
 ,Nifty 50 Sec., , , 
 , , , , 
G,AXIS BANK LIMITED,       613.25,       600.15,2.18
G,WIPRO LTD,       324.00,       318.95,1.58
G,ITC LTD,       297.75,       293.30,1.52
G,HDFC BANK LTD,      2006.05,      1976.15,1.51
G,HDFC LTD,      1754.50,      1729.00,1.47
G,HINDUSTAN PETROLEUM CORP,       251.45,       249.35,.84
G,OIL AND NATURAL GAS CORP.,       177.20,       175.80,.8
G,INFOSYS LIMITED,       730.05,       724.80,.72
G,BHARAT PETROLEUM CORP  LT,       374.15,       372.20,.52
G,INDUSIND BANK LIMITED,      1690.05,      1682.00,.48
G,INDIAN OIL CORP LTD,       153.35,       152.65,.46
G,ASIAN PAINTS LIMITED,      1293.30,      1287.50,.45
G,BAJAJ FINSERV LTD.,      6006.20,      5979.80,.44
G,GAIL (INDIA) LTD,       379.00,       377.70,.34
G,RELIANCE INDUSTRIES LTD,      1257.95,      1253.75,.33
G,STATE BANK OF INDIA,       265.50,       265.35,.06
 , , , , 
L,YES BANK LIMITED,       183.65,       203.25,-9.64
L,INDIABULLS HSG FIN LTD,       856.85,       939.70,-8.82
L,HINDALCO  INDUSTRIES  LTD,       229.65,       243.90,-5.84
L,BHARTI AIRTEL LIMITED,       338.55,       356.80,-5.11
L,HERO MOTOCORP LIMITED,      2933.25,      3088.10,-5.01
L,TATA STEEL LIMITED,       581.25,       611.55,-4.95
L,JSW STEEL LIMITED,       381.65,       400.30,-4.66
L,COAL INDIA LTD,       266.25,       276.25,-3.62
L,VEDANTA LIMITED,       232.30,       240.65,-3.47
L,BAJAJ AUTO LIMITED,      2687.45,      2783.55,-3.45
L,POWER GRID CORP. LTD.,       188.40,       194.55,-3.16
L,LARSEN & TOUBRO LTD.,      1272.10,      1309.90,-2.89
L,EICHER MOTORS LTD,     24185.40,     24902.20,-2.88
L,UPL LIMITED,       664.30,       683.10,-2.75
L,MARUTI SUZUKI INDIA LTD.,      7347.95,      7553.05,-2.72
L,TITAN COMPANY LIMITED,       805.60,       821.45,-1.93
L,ADANI PORT & SEZ LTD,       328.90,       335.25,-1.89
L,MAHINDRA & MAHINDRA LTD,       860.95,       877.45,-1.88
L,BHARTI INFRATEL LTD.,       262.95,       267.85,-1.83
L,BAJAJ FINANCE LIMITED,      2168.00,      2204.20,-1.64
L,ZEE ENTERTAINMENT ENT LTD,       438.60,       445.30,-1.5
L,ULTRATECH CEMENT LIMITED,      4059.95,      4120.40,-1.47
L,SUN PHARMACEUTICAL IND L,       623.25,       631.25,-1.27
L,CIPLA LTD,       654.05,       659.35,-0.8
L,HINDUSTAN UNILEVER LTD.,      1608.40,      1620.10,-0.72
L,TATA MOTORS LIMITED,       223.70,       225.25,-0.69
L,NTPC LTD,       166.85,       167.95,-0.65
L,DR. REDDY'S LABORATORIES,      2530.65,      2541.00,-0.41
L,HCL TECHNOLOGIES LTD,      1087.80,      1092.20,-0.4
L,GRASIM INDUSTRIES LTD,      1021.50,      1025.50,-0.39
 , , , , 
 ,Nifty Next 50 Sec., , , 
 , , , , 
G,L&T FINANCE HOLDINGS LTD,       129.60,       125.30,3.43
G,P&G HYGIENE & HEALTH CARE,      9719.50,      9403.40,3.36
G,BRITANNIA INDUSTRIES LTD,      5823.50,      5699.80,2.17
G,OIL INDIA LTD,       219.55,       215.15,2.05
G,CONTAINER CORP OF IND LTD,       627.45,       620.80,1.07
G,BOSCH LIMITED,     19934.10,     19768.30,0.84
G,AUROBINDO PHARMA LTD,       744.45,       740.60,0.52
G,LUPIN LIMITED,       900.95,       896.35,0.51
G,VODAFONE IDEA LIMITED,        38.55,        38.50,0.13
G,SHRIRAM TRANSPORT FIN CO.,      1150.95,      1149.85,0.1
 , , , , 
L,STEEL AUTHORITY OF INDIA,        68.25,        74.20,-8.02
L,SBI LIFE INSURANCE CO LTD,       511.60,       551.80,-7.29
L,HINDUSTAN ZINC LIMITED,       289.30,       306.10,-5.49
L,DLF LIMITED,       162.55,       171.90,-5.44
L,BANK OF BARODA,        99.50,       104.35,-4.65
L,ICICI LOMBARD GIC LIMITED,       808.35,       844.95,-4.33
L,NMDC LTD.,       113.20,       118.15,-4.19
L,BHEL,        68.50,        71.10,-3.66
L,HDFC STAND LIFE IN CO LTD,       391.60,       404.05,-3.08
L,SHREE CEMENT LIMITED,     16892.25,     17427.90,-3.07
L,HAVELLS INDIA LIMITED,       594.50,       612.60,-2.95
L,PIRAMAL ENTERPRISES LTD,      2299.35,      2366.05,-2.82
L,BIOCON LIMITED.,       691.35,       708.40,-2.41
L,DABUR INDIA LTD,       426.90,       437.30,-2.38
L,BHARAT ELECTRONICS LTD,        80.30,        82.05,-2.13
L,COLGATE PALMOLIVE LTD.,      1081.45,      1103.20,-1.97
L,GODREJ CONSUMER PRODUCTS,       768.65,       783.45,-1.89
L,ORACLE FIN SERV SOFT LTD.,      3916.45,      3983.90,-1.69
L,ADITYA BIRLA CAPITAL LTD.,       114.65,       116.55,-1.63
L,AMBUJA CEMENTS LTD,       223.55,       227.25,-1.63
L,INTERGLOBE AVIATION LTD,       826.10,       839.55,-1.6
L,THE NEW INDIA ASSU CO LTD,       224.70,       228.30,-1.58
L,NHPC LTD,        22.60,        22.90,-1.31
L,ICICI PRU LIFE INS CO LTD,       333.75,       337.50,-1.11
L,MARICO LIMITED,       333.05,       336.70,-1.08
L,ASHOK LEYLAND LTD,       119.10,       120.40,-1.08
L,PIDILITE INDUSTRIES LTD,      1045.85,      1056.45,-1
L,PETRONET LNG LIMITED,       224.75,       227.00,-0.99
L,MOTHERSON SUMI SYSTEMS LT,       256.80,       259.35,-0.98
L,ABB INDIA LIMITED,      1409.80,      1423.35,-0.95
 , , , , 
 ,OTHER SECURITIES, , , 
 , , , , 
G,8.66%S-R-NCD SERIES 3A,      1490.00,      1262.00,18.07
G,MOKSH ORNAMENTS LIMITED,        27.50,        23.95,14.82
G,POCHIRAJU IND LTD,         3.60,         3.15,14.29
G,S S INFRA DEVP CONSL LTD,        23.70,        21.20,11.79
G,DEBOCK SALE MARKETING LTD,         9.65,         8.80,9.66
G,SUNDARMAMC - M15RG,         7.66,         7.07,8.35
G,SPACENET ENTERS IND LTD,          .65,          .60,8.33
G,GRP LIMITED,      1245.80,      1152.45,8.1
G,TAINWALA CHEMICAL AND PLA,        89.50,        83.00,7.83
G,SAGAR CEMENTS LIMITED,       703.65,       653.90,7.61
G,NARMADA AGROBASE LIMITED,        27.45,        25.55,7.44
G,JOHNSON CONTROLS HITACHI,      1840.80,      1714.70,7.35
G,THE INDIAN HOTELS CO. LTD,       136.90,       128.15,6.83
G,SANCO INDUSTRIES LIMITED,        17.05,        16.00,6.56
G,RKEC PROJECTS LIMITED,        69.00,        64.95,6.24
G,KSB PUMPS LTD,       733.15,       690.20,6.22
G,MOTOR & GENERAL FINANCE L,        43.00,        40.55,6.04
G,SHREE VASU LOGISTICS LTD,        61.50,        58.00,6.03
G,UNS RED NCD 9.55% SR.VIII,       949.99,       897.80,5.81
G,SPML INFRA LIMITED,        45.50,        43.05,5.69
G,HI-TECH PIPES LIMITED,       273.65,       259.05,5.64
G,STAR CEMENT LIMITED,       110.20,       104.55,5.4
G,SAKUMA EXPORTS LIMITED,       218.25,       207.40,5.23
G,RAJDARSHAN INDUSTRIES LTD,         9.45,         9.00,5
G,AUSOM ENTERPRISE LIMITED,        58.30,        55.55,4.95
G,WEALTH FRST PORT. MG. LTD,       176.30,       168.00,4.94
G,VASA RETAIL & OVERSEA LTD,        26.95,        25.70,4.86
G,TECHINDIA NIRMAN LIMITED,         5.40,         5.15,4.85
G,BASF INDIA LTD,      1868.10,      1782.25,4.82
G,LOTUS EYE HOSP & INST L,        26.30,        25.10,4.78
 , , , , 
L,INFIBEAM AVENUES LIMITED,        58.45,       200.35,-70.83
L,MVL LIMITED,          .20,          .25,-20
L,ASHAPURA INTI FASHION LTD,       341.75,       427.15,-19.99
L,WINDSOR MACHINES LIMITED,        57.90,        72.35,-19.97
L,EROS INTL MEDIA LTD,        72.20,        90.20,-19.96
L,ACCORD SYNERGY LIMITED,        34.90,        43.60,-19.95
L,A2Z INFRA ENGINEERING LTD,        12.55,        15.55,-19.29
L,LAKSHMI VILAS BANK LTD,        71.80,        88.90,-19.24
L,KRIDHAN INFRA LIMITED,        47.55,        58.65,-18.93
L,MEGASOFT LTD,         5.75,         7.05,-18.44
L,DILIGENT MEDIA CORP LTD.,         4.80,         5.85,-17.95
L,SIYARAM SILK MILLS LTD,       386.10,       469.05,-17.68
L,MUKTA ARTS LIMITED,        33.30,        39.80,-16.33
L,PUSHPA REAL AND INFRA LTD,        33.50,        40.00,-16.25
L,OSWAL AGRO MILLS LTD,         8.25,         9.85,-16.24
L,TRANSWIND INFRA LIMITED,        25.55,        30.50,-16.23
L,ARCHIDPLY IND. LTD,        38.00,        45.10,-15.74
L,JAIN IRRIGATION SYSTEMS,        61.05,        72.00,-15.21
L,KAMAT HOTELS (I) LTD,        47.05,        55.35,-15
L,BANSAL MULTIFLEX LIMITED,        62.75,        73.75,-14.92
L,DPSC LIMITED,        12.90,        15.05,-14.29
L,AGARWAL INDS CORP LTD.,       217.95,       253.90,-14.16
L,SHALIM PAINTS LTD,        83.10,        96.55,-13.93
L,ARSHIYA LIMITED,        33.80,        39.15,-13.67
L,TRF LIMITED,       138.80,       160.30,-13.41
L,CENTURY EXTRUSIONS LTD,         6.20,         7.15,-13.29
L,INDIABULLS REAL EST. LTD,        87.80,       101.05,-13.11
L,BAFNA PHARMACEUTICALS L,        12.30,        14.15,-13.07
L,MADRAS FERTILISERS LTD,        17.65,        20.30,-13.05
L,NALWA SONS INVESTMENT LTD,      1099.45,      1260.00,-12.74
