SECURITY,NEW,PREVIOUS,NEW_STATUS
UNITED BREWERIES LTD,1466.95,1462,H
AKG EXIM LIMITED,34.1,34,H
MONNET ISPAT & ENERGY LTD,34.05,32.45,H
AHLADA ENGINEERS LIMITED,149,148.05,H
DANGEE DUMS LIMITED,217.8,216.5,H
GANGOTRI TEXTILES LTD.,5.55,5.3,H
MOST SHARES N100 ETF,643.25,642,H
W.S.INDUSTRIES (I) LTD.,3.8,4,L
JIND POL INV & FIN CO LTD,34.65,36,L
SNOWMAN LOGISTICS LTD.,33,34.65,L
SEC RED NCD 9.15% SR III,911,926.33,L
M P TODAY MEDIA LIMITED,39.3,39.55,L
BETA DRUGS LIMITED,70.6,72,L
SECUR CREDENTIALS LIMITED,98.7,112,L
INDOSTAR CAPITAL FIN LTD,314.05,325,L
SAB EVENTS & GOVERNANCE,3.15,3.25,L
ICICIPRAMC - ICICILIQ,999.99,1000,L
RELIGARE ENTER. LTD.,31.8,34.1,L
RELIANCE POWER LTD.,24.85,25.9,L
ROHIT FERRO-TECH LIMITED,1.9,2,L
BEARDSELL LIMITED,28,30,L
UNITED BANK OF INDIA,10.1,10.5,L
GLOBAL OFFSHORE SERV LTD,13.25,14.35,L
JMT AUTO LIMITED,2.9,3,L
SQS INDIA BFSI LIMITED,396,405,L
KRIDHAN INFRA LIMITED,46.95,47.15,L
INFIBEAM AVENUES LIMITED,53.5,87.15,L
DIGJAM LIMITED,5.15,5.75,L
S. P. APPARELS LIMITED,230,265,L
BALKRISHNA PAPER MILLS L,47,53,L
NITIRAJ ENGINEERS LTD,48,49,L
SINTEX PLASTICS TECH LTD,28.85,29.4,L
NEUEON TOWERS LIMITED,1.6,1.65,L
SARVESHWAR FOODS LIMITED,33.55,34.2,L
SUNDARAM FINANCE HOLD LTD,99.3,102.55,L
MANUGRAPH INDIA LIMITED,32.05,32.35,L
KARUR VYSYA BANK LTD,75,80,L
ZICOM ELECT SEC SYS LTD,7.2,8.15,L
ESS DEE ALUM LTD,16.95,17.8,L
ONELIFE CAP ADVISORS LTD,11.2,12,L
PROVOGUE (INDIA) LIMITED,2.8,2.9,L
NBCC (INDIA) LIMITED,57.6,60.2,L
MOHIT INDUSTRIES LTD,8.1,8.35,L
HIND SYNTEX LTD,3.65,3.8,L
GOODLUCK INDIA LIMITED,62.9,64,L
TV VISION LIMITED,4.9,5.05,L
SEC RED NCD 10.00% SR. VI,900.01,950,L
USHER AGRO LTD,1.9,1.95,L
INNOVATIVE TYRES & TUBES,29.3,31,L
BRAND CONCEPTS LIMITED,31,32,L
EDELAMC - EMOFSR1RDP,7.3,7.35,L
CENTRUM CAPITAL LIMITED,32.55,36.25,L
ICICI SECURITIES LIMITED,286.1,291,L
SEC RED NCD 9.85% SR. VII,957,970,L
DIAMOND POWER INFRA LTD,1.8,1.85,L
PSL LIMITED,1.35,1.4,L
PUNJ LLOYD LIMITED,9.05,9.35,L
PENINSULA LAND LIMITED,10.65,12.75,L
ABAN OFFSHORE LTD.,81.6,86.05,L
VENUS REMEDIES LIMITED,41.1,42.25,L
OCL IRON AND STEEL LTD,2,2.05,L
PBA INFRASTRUCTURE LTD.,6.45,6.65,L
HANUNG TOYS & TEX LTD,0.9,0.95,L
COUNTRY CLUB HOSP HOL LTD,7.6,7.8,L
GPT INFRAPROJECTS LTD,90,96.9,L
PRICOL LIMITED,48.5,51.9,L
CORAL INDIA FIN & HOUS LT,14.3,15.4,L
TOTAL TRANSPORT SYS LTD,27,29.95,L
UNS RED NCD 9.50% SR. VII,897,900,L
RELIANCE HOME FINANCE LTD,48.6,48.8,L
GTL LTD,5.4,5.5,L
ENERGY DEVE. CO.LTD,8.55,9.2,L
TRANS & RECTI. LTD,15.3,16.3,L
BURNPUR CEMENT LTD.,3.95,4,L
KSK ENERGY VENTURES LTD,1.1,1.15,L
S.E. POWER LIMITED,4.5,4.55,L
CASTROL INDIA LIMITED,140.25,145.3,L
SUNIL HITECH ENGR. LTD,1.55,1.6,L
10.25% SRNCD SR VIII,830,899.95,L
SALZER ELECTRONICS LTD,148.1,149.1,L
SEC RED NCD 10% SR. VI,950,955,L
SEC RED NCD SR. 10B,940,947,L
BSE LIMITED,681,691.1,L
ARIHANT SUPERSTRUCT LTD,57.05,60.95,L
COCHIN SHIPYARD LIMITED,388,398,L
MAS FINANCIAL SERV LTD,501.05,505,L
KHADIM INDIA LIMITED,638.95,650,L
CKP LEISURE LIMITED,11.85,12,L
ATLAS CYCLE (HARYANA) LTD,100.5,105.75,L
NATIONAL STEEL & AGRO IND,7.4,7.75,L
VARDHMAN POLYTEX LTD.,10.5,10.7,L
SHRIRAM EPC LTD.,10.4,10.8,L
PC JEWELLER LTD,58.65,63,L
TGB BANQUETS&HOTELS LTD,13.05,13.95,L
SEC RED NCD 8.93% SR. 3B,877,893.02,L
ROLLATAINERS LIMITED,2.7,2.75,L
CAPITAL TRUST LIMITED,275.35,280.7,L
JITF INFRALOGISTICS LTD,17.6,18.2,L
S CHAND AND COMPANY LTD,240.5,253.65,L
PUSHPA REAL AND INFRA LTD,32,39,L
ADITYA BIRLA CAPITAL LTD.,113.05,115,L
TCPL PACKAGING LIMITED,380,381.6,L
SEC RED NCD 9.00% SR. VII,920,923.02,L
LAGNAM SPINTEX LIMITED,27.35,28.75,L
SIMPLEX PROJECTS LTD.,12.35,12.8,L
SUPREME ENGINEERING LTD,25.25,25.6,L
PREMIER LIMITED,11.25,12.1,L
BALLARPUR INDUSTRIES LTD,6.95,7.25,L
PUNJAB & SIND BANK,25.5,26.9,L
NORTH EAST CARRY CORP LTD,7.65,8.5,L
PREMIER EXPLOSIVES LTD,167.35,171.55,L
POKARNA LIMITED,131.55,140,L
SEC RED NCD 9.75% SR. III,940,982,L
JVL AGRO INDUSTRIES LTD,5.85,6.15,L
VIP CLOTHING LIMITED,36.65,42.5,L
AARVI ENCON LIMITED,51,52,L
FLEXITUFF INTER LIMITED,32.3,33.95,L
JAYPEE INFRATECH LTD,2.5,2.6,L
BOROSIL GLASS WORKS LTD,265.25,271,L
AHLADA ENGINEERS LIMITED,140,141,L
BGR ENERGY SYSTEMS LTD,54.5,59.15,L
EURO CERAMICS LTD,2.05,2.1,L
PRECISION CAMSHAFTS LTD.,53.3,55,L
MINDTECK (INDIA) LIMITED,38.25,40,L
NLC INDIA LIMITED,66.55,66.75,L
SEC RED NCD 9.30% SR. 6B,870,899,L
UNS RED NCD 9.15% SR.IX,900,950,L
HPL ELECTRIC & POWER LTD,60.75,63.35,L
ASPINWALL & CO LTD,190.05,191,L
SMVD POLY PACK LIMITED,17.2,18,L
SUNDARMAMC - M17RD,5.8,6.3,L
PRATIBHA INDS. LTD,2.2,2.3,L
ASSAM COMPANY INDIA LTD,3.25,3.4,L
KOTHARI PRODUCTS LTD,95.2,98.5,L
ANSAL HOU. & CON. LTD.,10.75,10.95,L
JINDAL COTEX LTD,4.5,4.7,L
SPLENDID METAL PRODUCTS L,0.45,0.5,L
SKIPPER LIMITED,98,101.55,L
BLUE BLENDS (I) LTD,4.8,5,L
AYM SYNTEX LIMITED,31.45,33.9,L
SEC RED NCD 9.50% SR. VII,777,870.05,L
CG POWER AND IND SOL LTD,44.05,45.05,L
BKM INDUSTRIES LIMITED,10.7,11.4,L
AMJ LAND HOLDINGS LIMITED,20.75,21.05,L
DILIGENT MEDIA CORP LTD.,4.7,5.6,L
VASA RETAIL & OVERSEA LTD,24.45,25.7,L
TODAYS WRITING INSTRUMENT,1.3,1.35,L
SEC RED NCD 9.25% SR. VI,923.05,935.35,L
INDINFOAMC - CES1RPDP,8.35,9.26,L
UNITECH LTD,2.5,2.6,L
SUZLON ENERGY LIMITED,5.3,5.7,L
RAJ TV NETWORK LTD,29.2,29.55,L
NITIN FIRE PROT IND. LTD.,2.4,2.5,L
ESSAR SHIPPING LTD,12.3,12.8,L
AXISCADES ENGG TECH LTD,77.3,81.45,L
THE MANDHANA RET VENT LTD,35.5,40,L
ACCORD SYNERGY LIMITED,34.9,36,L
SUNDARMAMC - M15RG,7,7.07,L
SEC RED NCD 9.00% SR. IV,824,910,L
SEC RED NCD 9.00% SR. III,935,945.05,L
AAKASH EXPLORATION SER L,30,32,L
TCNS CLOTHING CO. LIMITED,601.25,618.65,L
ARCOTECH LIMITED,10.35,10.85,L
8K MILES SOFT SERV LTD,191.35,201.4,L
MARSHALL MACHINES LTD,38.55,39.5,L
SUMIT WOODS LIMITED,43.25,45,L
DOLPHIN OFF. ENT IND LTD.,47.2,49.25,L
PARSVNATH DEVELOPER LTD,8.7,9.1,L
SEL MANU. CO. LTD.,1.05,1.2,L
JAIPRAKASH POWER VEN. LTD,2.35,2.4,L
EROS INTL MEDIA LTD,72.2,89,L
UFO MOVIEZ INDIA LTD.,303,314.1,L
KELLTON TECH SOL LTD,31.35,33.85,L
CL EDUCATE LIMITED,121.65,123.1,L
CAPACITE INFRAPROJECT LTD,219.55,219.65,L
S K S TEXTILES LIMITED,34.5,35.95,L
KAPSTON FACILITIES MGMT L,91.5,92.7,L
HI-TECH PIPES LIMITED,230,240.35,L
MOSER-BAER (I) LTD,1.55,1.6,L
THE SOUTH INDIAN BANK LTD,12.85,13.4,L
DHANLAXMI BANK LIMITED,11,11.05,L
BANK OF MAHARASHTRA,11.05,11.15,L
GAMMON INFRA PROJ LTD.,0.6,0.65,L
MMTC LIMITED,26.65,28.55,L
ORISSA MIN DEV CO LTD,780,810.1,L
KANANI INDUSTRIES LTD,5.7,5.75,L
ICSA (INDIA) LIMITED,1.15,1.2,L
NAVKAR CORPORATION LTD.,83.55,88.5,L
EQUITAS HOLDINGS LIMITED,117.5,123.3,L
SITI NETWORKS LIMITED,9.7,9.85,L
KINGFA SCI & TEC IND LTD.,566.9,610,L
INFOBEANS TECHNO. LTD.,56,57,L
HSG & URBAN DEV CORPN LTD,45.5,48.85,L
PRATAAP SNACKS LIMITED,1018.65,1020,L
CMM INFRAPROJECTS LIMITED,20.65,21.65,L
SHALBY LIMITED,130.55,138.1,L
H.G.INFRA ENGINEERING LTD,190,216.2,L
BHARAT DYNAMICS LIMITED,280,292,L
SEC RED NCD 9.03% SR. II,976.3,981.01,L
SEC RED NCD 9.43% SR. VI,974,981,L
LAKSHMI ENG. & FOODS LTD,7.6,7.75,L
STEEL EXCHANGE INDIA LTD,24.05,25.2,L
SINTEX INDUSTRIES LTD,11.05,11.55,L
TARAPUR TRANSFORMERS LTD,3.7,3.75,L
SIMBHAOLI SUGARS LTD.,13.55,14.25,L
ANJANI PORTLAND CEM LTD,126.5,126.95,L
PRISM JOHNSON LIMITED,84.9,86.6,L
THE INVEST TRUST OF IND L,192.35,192.75,L
GOKUL REFOILS & SOLV LTD,8.8,9.55,L
SRI ADHIKARI BROS.,5.9,6.05,L
MOIL LIMITED,160.05,164.35,L
LOVABLE LINGERIE LTD,99.35,106.05,L
MT EDUCARE LTD,41.75,44,L
CAMLIN FINE SCIENCES LTD,44.5,50.75,L
RAINBOW PAPERS LTD,1.3,1.35,L
NAGARJUN FERT AND CHE LTD,9.75,10.2,L
GODREJ AGROVET LIMITED,508,514.1,L
HDFCAMC - HHOF1140RG,7.55,7.82,L
PITTI ENGINEERING LIMITED,63,67.2,L
SEC RED NCD 9.25% SR. III,882,975,L
ICICIPRAMC - ICICINXT50,271.35,277,L
SYNCOM HEALTHCARE LTD,2.75,3.05,L
RAVI KUMAR DIST. LTD.,9.5,10,L
TREE HOUSE EDU LTD,5.25,5.5,L
HUBTOWN LIMITED,38.6,42.5,L
BAFNA PHARMACEUTICALS L,11.45,13.8,L
ZYLOG SYSTEMS LTD.,0.8,0.85,L
SPICE MOBILITY LIMITED,10.25,11.15,L
SUPERHOUSE LIMITED,115.05,117.5,L
ADLABS ENTERTAINMENT LTD.,17.1,19,L
THE BYKE HOSPITALITY LTD,68.1,76.5,L
LYCOS INTERNET LIMITED,3.1,3.25,L
GE T&D INDIA LIMITED,233.15,246.05,L
MARATHON NXTGEN REALT LTD,130.15,130.35,L
TERA SOFTWARE LIMITED,27.65,28.7,L
ABG SHIPYARD LTD,3.95,4,L
HMT LTD -,19.8,20,L
CENTRAL DEPO SER (I) LTD,221,236.35,L
SBI LIFE INSURANCE CO LTD,508,546,L
SHIVA TEXYARN LIMITED,226.1,262,L
TANTIA CONST LTD,5.35,5.45,L
SOMI CONVEYOR BELT. LTD.,30.55,31.9,L
STAMPEDE CAPITAL LTD,2.2,2.3,L
SEC RED NCD 8.90% SR. III,900,930,L
ARTEM GLOBAL LIFE SC LTD,66.5,67.1,L
EDUCOMP SOLUTIONS LTD,1.85,1.9,L
MATRIMONY.COM LIMITED,464.8,481.5,L
JASH ENGINEERING LIMITED,95.1,100.1,L

